Activity Type,Date,Favorite,Title,Distance,Calories,Time,Avg HR,Max HR,Avg Run Cadence,Max Run Cadence,Avg Pace,Best Pace,Elev Gain,Elev Loss,Avg Stride Length,Avg Vertical Ratio,Avg Vertical Oscillation,Training Stress ScoreÂ®,Grit,Flow,Climb Time,Bottom Time,Min Temp,Surface Interval,Decompression,Best Lap Time,Number of Laps,Max Temp
Running,2021-01-24 13:57:17,false,"Longview Running","4.52","662","00:43:11","173","189","142","158","9:33","7:30","98","230","1.19","0.0","0.0","0.0","0.0","0.0","43:11","0:00","0.0","0:00","No","05:02.53","5","0.0"
Treadmill Running,2021-01-20 18:23:05,false,"Treadmill Running","3.11","483","00:32:50","165","186","142","147","10:33","9:45","--","--","1.07","0.0","0.0","0.0","0.0","0.0","32:50","0:00","0.0","0:00","No","01:08.29","4","0.0"
Running,2021-01-19 13:37:45,false,"Longview Running","4.05","559","00:37:21","167","199","138","171","9:13","6:30","69","154","1.27","0.0","0.0","0.0","0.0","0.0","37:21","0:00","0.0","0:00","No","00:30.77","5","0.0"
Running,2021-01-14 16:56:54,false,"Longview Running","4.01","581","00:37:01","174","193","143","160","9:13","7:39","72","236","1.22","0.0","0.0","0.0","0.0","0.0","37:01","0:00","0.0","0:00","No","00:08.07","5","0.0"
Running,2021-01-12 15:00:11,false,"Longview Running","4.53","689","00:50:49","159","183","137","159","11:13","7:28","121","230","1.05","0.0","0.0","0.0","0.0","0.0","50:49","0:00","0.0","0:00","No","05:21.27","5","0.0"
Running,2021-01-04 10:04:37,false,"Longview Running","3.22","433","00:28:01","167","186","145","163","8:42","7:03","33","174","1.27","0.0","0.0","0.0","0.0","0.0","28:01","0:00","0.0","0:00","No","02:19.36","4","0.0"
Running,2020-12-16 14:11:30,false,"Longview Running","5.02","769","00:50:30","166","185","141","163","10:03","7:34","141","279","1.13","0.0","0.0","0.0","0.0","0.0","50:30","0:00","0.0","0:00","No","00:13.96","6","0.0"
Running,2020-12-08 13:26:35,false,"Longview Running","4.51","622","00:40:57","165","184","143","161","9:05","7:08","89","223","1.24","0.0","0.0","0.0","0.0","0.0","40:57","0:00","0.0","0:00","No","04:37.25","5","0.0"
Running,2020-11-29 15:02:36,false,"Longview Running","7.13","987","01:03:08","168","184","150","158","8:51","7:17","174","328","1.22","0.0","0.0","0.0","0.0","0.0","1:03:08","0:00","0.0","0:00","No","01:11.48","8","0.0"
Running,2020-11-26 10:16:29,false,"Longview Running","6.21","852","00:56:56","164","184","145","158","9:10","7:06","253","358","1.21","0.0","0.0","0.0","0.0","0.0","56:56","0:00","0.0","0:00","No","01:49.50","7","0.0"
Running,2020-11-24 14:36:39,false,"Longview Running","4.79","685","00:45:08","164","186","141","159","9:25","7:39","108","240","1.22","0.0","0.0","0.0","0.0","0.0","45:08","0:00","0.0","0:00","No","07:08.87","5","0.0"
Treadmill Running,2020-11-21 17:34:43,false,"Treadmill Running","3.10","474","00:30:12","166","183","143","160","9:44","9:08","--","--","1.13","0.0","0.0","0.0","0.0","0.0","30:12","0:00","0.0","0:00","No","00:13.94","4","0.0"
Treadmill Running,2020-11-19 17:54:34,false,"Treadmill Running","1.02","148","00:10:40","150","166","139","149","10:28","9:41","--","--","1.11","0.0","0.0","0.0","0.0","0.0","10:40","0:00","0.0","0:00","No","00:10.98","2","0.0"
Running,2020-11-14 15:57:14,false,"Longview Running","6.02","882","01:03:08","161","181","138","154","10:29","7:05","85","98","1.11","0.0","0.0","0.0","0.0","0.0","1:03:08","0:00","0.0","0:00","No","00:13.78","7","0.0"
Running,2020-11-11 16:31:08,false,"Longview Running","6.07","848","01:04:27","149","169","142","161","10:37","7:54","154","282","1.07","0.0","0.0","0.0","0.0","0.0","1:04:27","0:00","0.0","0:00","No","00:40.60","7","0.0"
Running,2020-11-08 09:14:01,false,"Longview Running","4.27","588","00:36:23","168","184","148","163","8:32","6:43","266","348","1.28","0.0","0.0","0.0","0.0","0.0","36:23","0:00","0.0","0:00","No","02:25.69","5","0.0"
Running,2020-11-04 14:42:49,false,"Longview Running","1.81","262","00:20:27","140","163","129","159","11:16","8:11","39","36","1.11","0.0","0.0","0.0","0.0","0.0","20:27","0:00","0.0","0:00","No","08:00.79","2","0.0"
Treadmill Running,2020-11-03 17:11:53,false,"Treadmill Running","6.04","948","00:58:05","168","189","143","152","9:37","7:56","--","--","1.17","0.0","0.0","0.0","0.0","0.0","58:05","0:00","0.0","0:00","No","00:25.76","7","0.0"
Running,2020-11-01 14:43:19,false,"Longview Running","6.02","833","00:54:49","161","186","143","160","9:07","6:29","154","276","1.24","0.0","0.0","0.0","0.0","0.0","54:49","0:00","0.0","0:00","No","00:09.77","7","0.0"
Running,2020-10-30 14:14:27,false,"Longview Running","5.26","718","00:45:20","166","185","147","158","8:37","6:42","217","322","1.27","0.0","0.0","0.0","0.0","0.0","45:20","0:00","0.0","0:00","No","02:16.02","6","0.0"
Running,2020-10-29 15:53:05,false,"Longview Running","6.10","915","01:03:41","156","176","143","165","10:26","7:33","302","489","1.08","0.0","0.0","0.0","0.0","0.0","1:03:41","0:00","0.0","0:00","No","01:01.09","7","0.0"
Treadmill Running,2020-10-25 17:42:05,false,"Treadmill Running","4.59","748","00:45:46","167","189","144","162","9:58","7:36","--","--","1.12","0.0","0.0","0.0","0.0","0.0","45:46","0:00","0.0","0:00","No","05:43.18","5","0.0"
Running,2020-10-23 15:18:21,false,"Longview Running","5.10","720","00:50:53","151","171","140","160","9:59","7:54","318","492","1.15","0.0","0.0","0.0","0.0","0.0","50:53","0:00","0.0","0:00","No","00:52.40","6","0.0"
Running,2020-10-21 11:56:17,false,"Longview Running","6.26","996","01:05:28","163","183","141","155","10:28","7:47","276","371","1.09","0.0","0.0","0.0","0.0","0.0","1:05:28","0:00","0.0","0:00","No","02:32.90","7","0.0"
Treadmill Running,2020-10-16 10:50:27,false,"Treadmill Running","3.05","423","00:25:19","167","186","156","167","8:18","6:35","--","--","1.39","0.0","0.0","0.0","0.0","0.0","25:19","0:00","0.0","0:00","No","03:13.18","4","0.0"
Running,2020-10-12 12:05:09,false,"Longview Running","3.54","514","00:33:22","160","181","144","162","9:25","6:59","43","52","1.19","0.0","0.0","0.0","0.0","0.0","33:22","0:00","0.0","0:00","No","05:30.39","4","0.0"
Running,2020-10-07 18:40:14,false,"Longview Running","5.09","726","00:49:10","154","170","148","188","9:40","8:39","371","538","1.13","0.0","0.0","0.0","0.0","0.0","49:10","0:00","0.0","0:00","No","00:52.03","6","0.0"
Running,2020-10-06 13:03:50,false,"Longview Running","4.37","581","00:36:21","166","184","151","169","8:20","6:29","135","128","1.28","0.0","0.0","0.0","0.0","0.0","36:21","0:00","0.0","0:00","No","03:56.83","5","0.0"
Running,2020-10-03 10:32:35,false,"Longview - W06D7-Long Run","15.42","2,139","02:35:13","154","178","145","164","10:04","6:50","1,096","1,194","1.11","0.0","0.0","0.0","0.0","0.0","2:35:13","0:00","0.0","0:00","No","00:01.91","17","0.0"
Running,2020-09-30 17:53:02,false,"Longview - W06D4-Intervals","5.03","713","00:47:05","161","184","145","165","9:22","6:35","282","433","1.18","0.0","0.0","0.0","0.0","0.0","47:05","0:00","0.0","0:00","No","00:06.01","15","0.0"
Running,2020-09-29 17:20:31,false,"Longview - W06D3a-Recovery Run","5.04","681","00:48:11","153","168","146","160","9:33","8:02","135","161","1.16","0.0","0.0","0.0","0.0","0.0","48:11","0:00","0.0","0:00","No","00:01.10","7","0.0"
Running,2020-09-28 14:57:18,false,"Longview - W06D2-Intervals","6.86","887","01:00:12","162","180","153","165","8:46","6:43","62","62","1.20","0.0","0.0","0.0","0.0","0.0","1:00:12","0:00","0.0","0:00","No","00:06.01","14","0.0"
Running,2020-09-26 17:52:29,false,"Longview - W05D7-Long Run","9.36","1,236","01:35:50","148","163","145","161","10:14","7:29","833","958","1.09","0.0","0.0","0.0","0.0","0.0","1:35:50","0:00","0.0","0:00","No","00:05.01","11","0.0"
Running,2020-09-25 18:37:34,false,"Longview - W05D6-Intervals","5.67","744","00:51:12","160","173","148","157","9:02","6:41","466","564","1.19","0.0","0.0","0.0","0.0","0.0","51:12","0:00","0.0","0:00","No","00:06.02","16","0.0"
Treadmill Running,2020-09-22 18:50:12,false,"W05D3a-Recovery Run","3.06","412","00:31:57","140","152","141","147","10:27","9:01","--","--","1.09","0.0","0.0","0.0","0.0","0.0","31:57","0:00","0.0","0:00","No","01:56.74","4","0.0"
Treadmill Running,2020-09-21 19:03:47,false,"W05D2-Intervals","6.05","788","00:52:48","158","177","148","160","8:44","7:11","--","--","1.23","0.0","0.0","0.0","0.0","0.0","52:48","0:00","0.0","0:00","No","00:02.60","13","0.0"
Running,2020-09-19 12:40:26,false,"Longview - W04D7-Long Run","13.11","1,844","02:20:53","152","175","138","160","10:45","8:13","728","833","1.08","0.0","0.0","0.0","0.0","0.0","2:20:53","0:00","0.0","0:00","No","00:04.15","15","0.0"
Running,2020-09-18 19:08:10,false,"Longview - W04D6-Intervals","5.82","786","00:51:18","166","180","148","157","8:49","7:11","338","367","1.23","0.0","0.0","0.0","0.0","0.0","51:18","0:00","0.0","0:00","No","00:03.67","13","0.0"
Running,2020-09-16 19:20:14,false,"Longview - W04D4-Fartlek Run","5.49","759","00:50:18","162","182","149","166","9:10","6:54","292","466","1.18","0.0","0.0","0.0","0.0","0.0","50:18","0:00","0.0","0:00","No","00:02.38","8","0.0"
Running,2020-09-15 13:25:29,false,"Longview - W04D3a-Recovery Run","4.25","619","00:40:47","159","174","142","159","9:36","7:30","85","190","1.18","0.0","0.0","0.0","0.0","0.0","40:47","0:00","0.0","0:00","No","01:13.33","6","0.0"
Treadmill Running,2020-09-14 19:05:22,false,"W04D2-Intervals","5.10","777","00:50:07","162","183","148","163","9:49","8:30","--","--","1.10","0.0","0.0","0.0","0.0","0.0","50:07","0:00","0.0","0:00","No","00:02.42","10","0.0"
Running,2020-09-12 12:00:11,false,"Longview - W03D7-Long Run","10.04","1,530","01:48:45","158","174","138","157","10:50","8:11","617","643","1.08","0.0","0.0","0.0","0.0","0.0","1:48:45","0:00","0.0","0:00","No","03:37.08","11","0.0"
Treadmill Running,2020-09-11 17:57:47,false,"W03D6-Intervals","4.07","610","00:40:22","159","183","147","160","9:56","8:46","--","--","1.10","0.0","0.0","0.0","0.0","0.0","40:22","0:00","0.0","0:00","No","00:01.05","9","0.0"
Running,2020-09-09 18:19:26,false,"Longview - W03D4-Recovery Run","5.12","758","00:55:19","149","168","139","156","10:48","8:32","331","489","1.07","0.0","0.0","0.0","0.0","0.0","55:19","0:00","0.0","0:00","No","02:23.78","6","0.0"
Running,2020-09-08 11:14:34,false,"Longview - W03D2-Intervals","5.56","819","00:52:40","166","187","149","164","9:28","7:13","52","164","1.14","0.0","0.0","0.0","0.0","0.0","52:40","0:00","0.0","0:00","No","00:04.27","14","0.0"
Running,2020-09-05 06:07:36,false,"Longview - W02D7-Long Run","10.06","1,475","01:42:49","157","175","143","182","10:13","8:02","879","1,040","1.10","0.0","0.0","0.0","0.0","0.0","1:42:49","0:00","0.0","0:00","No","02:45.14","11","0.0"
Running,2020-09-04 15:50:43,false,"Longview - W02D6-Intervals","5.54","849","00:51:58","170","188","147","163","9:23","7:17","249","381","1.16","0.0","0.0","0.0","0.0","0.0","51:58","0:00","0.0","0:00","No","00:50.29","12","0.0"
Running,2020-09-02 17:40:22,false,"Longview - W02D4b-Recovery Run","3.40","499","00:35:14","151","168","147","156","10:21","8:47","200","184","1.06","0.0","0.0","0.0","0.0","0.0","35:14","0:00","0.0","0:00","No","00:00.85","5","0.0"
Running,2020-09-01 19:26:02,false,"Longview - W02D3-Intervals","5.00","644","00:43:54","161","180","150","162","8:46","6:51","207","344","1.21","0.0","0.0","0.0","0.0","0.0","43:54","0:00","0.0","0:00","No","01:25.14","11","0.0"
Running,2020-09-01 07:11:20,false,"Longview Running","4.60","674","00:49:09","147","174","139","160","10:41","7:51","131","279","1.09","0.0","0.0","0.0","0.0","0.0","49:09","0:00","0.0","0:00","No","06:13.50","5","0.0"
Running,2020-08-29 06:05:42,false,"Longview - W01D7-Long Run","8.02","1,157","01:20:06","156","173","145","160","9:59","7:12","522","666","1.11","0.0","0.0","0.0","0.0","0.0","1:20:06","0:00","0.0","0:00","No","00:01.01","10","0.0"
Running,2020-08-28 11:58:03,false,"Longview - W01D6-Fartlek Run","4.84","720","00:46:46","165","188","141","163","9:40","7:25","361","423","1.18","0.0","0.0","0.0","0.0","0.0","46:46","0:00","0.0","0:00","No","00:00.85","7","0.0"
Running,2020-08-26 10:59:30,false,"Longview - W01D3-Intervals","4.27","600","00:40:48","162","185","148","164","9:34","6:34","151","292","1.12","0.0","0.0","0.0","0.0","0.0","40:48","0:00","0.0","0:00","No","00:01.16","12","0.0"
Treadmill Running,2020-08-25 16:39:45,false,"W01D2-Easy Run","4.57","579","00:45:25","145","155","140","149","9:56","9:02","--","--","1.16","0.0","0.0","0.0","0.0","0.0","45:25","0:00","0.0","0:00","No","00:01.14","7","0.0"
Running,2020-08-22 06:06:58,false,"Longview Running","10.06","1,279","01:41:50","148","168","146","158","10:08","8:20","545","692","1.09","0.0","0.0","0.0","0.0","0.0","1:41:50","0:00","0.0","0:00","No","00:35.49","11","0.0"
Running,2020-08-20 12:38:58,false,"Longview Running","5.15","722","00:52:16","154","173","143","159","10:09","8:04","194","315","1.11","0.0","0.0","0.0","0.0","0.0","52:16","0:00","0.0","0:00","No","00:02.08","7","0.0"
Running,2020-08-19 18:58:09,false,"Longview Running","3.08","435","00:35:36","144","159","141","180","11:34","8:38","92","253","0.99","0.0","0.0","0.0","0.0","0.0","35:36","0:00","0.0","0:00","No","01:08.85","4","0.0"
Running,2020-08-19 05:05:31,false,"Longview Running","6.14","803","00:53:35","164","185","148","158","8:44","7:28","102","249","1.24","0.0","0.0","0.0","0.0","0.0","53:35","0:00","0.0","0:00","No","02:00.04","7","0.0"
Running,2020-08-17 11:42:51,false,"Longview Running","5.56","775","01:04:25","151","161","146","158","11:35","8:20","118","240","0.95","0.0","0.0","0.0","0.0","0.0","1:04:25","0:00","0.0","0:00","No","06:30.38","6","0.0"
Treadmill Running,2020-08-16 16:33:51,false,"Treadmill Running","3.00","393","00:26:50","164","186","148","162","8:57","6:44","--","--","1.27","0.0","0.0","0.0","0.0","0.0","26:50","0:00","0.0","0:00","No","01:12.96","4","0.0"
Running,2020-08-15 06:06:26,false,"Longview Running","10.26","1,586","01:51:22","164","182","140","204","10:52","9:01","449","620","1.06","0.0","0.0","0.0","0.0","0.0","1:51:22","0:00","0.0","0:00","No","02:26.43","11","0.0"
Running,2020-08-13 07:44:28,false,"Longview Running","5.39","751","00:59:31","147","167","143","166","11:03","7:56","203","325","1.02","0.0","0.0","0.0","0.0","0.0","59:31","0:00","0.0","0:00","No","04:24.54","6","0.0"
Treadmill Running,2020-08-09 11:33:00,false,"Treadmill Running","7.50","930","01:12:28","151","183","146","165","9:40","8:36","--","--","0.89","0.0","0.0","0.0","0.0","0.0","1:12:28","0:00","0.0","0:00","No","08:49.63","6","0.0"
Running,2020-08-05 11:20:30,false,"Longview Running","4.91","613","01:04:07","135","143","149","160","13:03","8:43","285","463","0.83","0.0","0.0","0.0","0.0","0.0","1:04:07","0:00","0.0","0:00","No","11:57.58","5","0.0"
Treadmill Running,2020-08-04 18:00:15,false,"Treadmill Running","4.50","636","00:45:10","158","186","153","174","10:02","5:26","--","--","1.38","0.0","0.0","0.0","0.0","0.0","45:10","0:00","0.0","0:00","No","06:42.93","6","0.0"
Running,2020-08-03 13:07:39,false,"Longview Running","4.52","632","00:51:53","150","167","139","167","11:30","7:45","289","404","1.01","0.0","0.0","0.0","0.0","0.0","51:53","0:00","0.0","0:00","No","06:09.57","5","0.0"
Running,2020-08-01 06:05:36,false,"Longview Running","9.01","1,163","01:25:41","154","176","144","157","9:31","7:42","469","669","1.18","0.0","0.0","0.0","0.0","0.0","1:25:41","0:00","0.0","0:00","No","00:03.27","10","0.0"
Running,2020-07-29 11:49:28,false,"Longview Running","4.20","612","00:43:25","161","177","141","153","10:21","8:35","138","262","1.10","0.0","0.0","0.0","0.0","0.0","43:25","0:00","0.0","0:00","No","02:21.100","5","0.0"
Track Running,2020-07-27 15:00:04,false,"Track Running","6,437","618","00:50:00","--","--","160","--","12:30","7:50","--","--","0.80","0.0","0.0","0.0","0.0","0.0","50:00","0:00","0.0","0:00","No","00:00.00","1","0.0"
Running,2020-07-25 06:03:19,false,"Longview Running","8.09","1,087","01:17:43","157","173","145","153","9:36","8:30","482","653","1.15","0.0","0.0","0.0","0.0","0.0","1:17:43","0:00","0.0","0:00","No","01:10.72","9","0.0"
Running,2020-07-22 05:05:52,false,"Longview Running","6.01","789","00:56:02","158","185","147","156","9:19","8:03","200","338","1.18","0.0","0.0","0.0","0.0","0.0","56:02","0:00","0.0","0:00","No","00:07.01","7","0.0"
Running,2020-07-21 15:05:45,false,"Longview Running","4.29","619","00:42:35","164","181","138","157","9:56","7:08","92","233","1.18","0.0","0.0","0.0","0.0","0.0","42:35","0:00","0.0","0:00","No","03:08.79","5","0.0"
Running,2020-07-18 06:06:27,false,"Longview Running","10.03","1,283","01:37:24","155","172","143","158","9:42","8:39","266","463","1.16","0.0","0.0","0.0","0.0","0.0","1:37:24","0:00","0.0","0:00","No","00:18.94","11","0.0"
Treadmill Running,2020-07-16 11:47:09,false,"Treadmill Running","7.08","926","01:03:16","167","185","142","153","8:56","7:51","--","--","1.27","0.0","0.0","0.0","0.0","0.0","1:03:16","0:00","0.0","0:00","No","00:45.34","8","0.0"
Running,2020-07-14 10:30:31,false,"Longview Running","4.09","615","00:41:33","166","186","137","153","10:10","8:56","148","220","1.15","0.0","0.0","0.0","0.0","0.0","41:33","0:00","0.0","0:00","No","01:20.57","5","0.0"
Running,2020-07-12 12:03:23,false,"Longview Running","3.15","479","00:31:34","165","185","143","157","10:01","8:21","49","43","1.13","0.0","0.0","0.0","0.0","0.0","31:34","0:00","0.0","0:00","No","01:26.90","4","0.0"
Running,2020-07-11 06:05:24,false,"Longview Running","6.02","858","00:55:34","164","188","146","154","9:14","8:14","341","459","1.19","0.0","0.0","0.0","0.0","0.0","55:34","0:00","0.0","0:00","No","00:10.98","7","0.0"
Running,2020-07-09 05:01:48,false,"Longview Running","5.48","765","00:50:10","164","188","148","154","9:09","8:09","131","285","1.19","0.0","0.0","0.0","0.0","0.0","50:10","0:00","0.0","0:00","No","04:18.23","6","0.0"
Running,2020-06-30 16:24:01,false,"Arvada Running","3.01","428","00:34:05","149","179","140","158","11:20","8:46","30","207","1.01","0.0","0.0","0.0","0.0","0.0","34:05","0:00","0.0","0:00","No","00:04.35","4","0.0"
Running,2020-06-29 16:35:22,false,"Arvada Running","3.14","462","00:39:26","144","170","128","153","12:34","10:07","138","272","1.00","0.0","0.0","0.0","0.0","0.0","39:26","0:00","0.0","0:00","No","01:23.97","4","0.0"
Running,2020-06-22 05:02:31,false,"Longview Running","5.29","741","00:50:40","160","182","144","157","9:34","8:54","79","207","1.17","0.0","0.0","0.0","0.0","0.0","50:40","0:00","0.0","0:00","No","02:43.13","6","0.0"
Running,2020-06-02 12:42:29,false,"Longview Running","6.03","962","01:03:35","168","186","140","166","10:33","8:44","223","463","1.09","0.0","0.0","0.0","0.0","0.0","1:03:35","0:00","0.0","0:00","No","00:16.51","7","0.0"
Running,2020-05-27 06:37:19,false,"Longview Running","4.01","599","00:38:19","167","185","135","161","9:33","7:25","95","266","1.25","0.0","0.0","0.0","0.0","0.0","38:19","0:00","0.0","0:00","No","00:07.48","5","0.0"
Running,2020-05-25 12:01:46,false,"Longview Running","5.01","710","00:46:57","165","180","142","161","9:22","5:31","92","292","1.21","0.0","0.0","0.0","0.0","0.0","46:57","0:00","0.0","0:00","No","00:06.97","6","0.0"
Running,2020-05-20 06:06:25,false,"Longview Running","5.70","807","00:55:19","159","182","147","155","9:42","8:13","154","341","1.13","0.0","0.0","0.0","0.0","0.0","55:19","0:00","0.0","0:00","No","06:57.04","6","0.0"
Running,2020-05-19 05:03:10,false,"Longview Running","5.01","670","00:46:19","157","175","148","153","9:14","7:12","141","344","1.18","0.0","0.0","0.0","0.0","0.0","46:19","0:00","0.0","0:00","No","00:09.67","6","0.0"
Treadmill Running,2020-05-19 05:02:21,false,"Treadmill Running","0.00","--","00:00:02.6","75","76","--","--","--","--","--","--","0.00","0.0","0.0","0.0","0.0","0.0","0:02.6","0:00","0.0","0:00","No","00:00.00","1","0.0"
Running,2020-05-18 11:24:02,false,"Longview Running","5.52","814","00:52:58","171","187","140","155","9:36","8:00","49","213","1.19","0.0","0.0","0.0","0.0","0.0","52:58","0:00","0.0","0:00","No","04:50.41","6","0.0"
Treadmill Running,2020-05-16 17:48:10,false,"Treadmill Running","3.61","588","00:28:34","--","--","141","150","7:55","7:22","--","--","1.44","0.0","0.0","0.0","0.0","0.0","28:34","0:00","0.0","0:00","No","04:45.93","4","0.0"
Running,2020-05-15 12:48:10,false,"Longview Running","0.28","41","00:02:19.2","--","--","145","151","8:24","8:33","13","--","1.32","0.0","0.0","0.0","0.0","0.0","2:19.2","0:00","0.0","0:00","No","00:00.00","1","0.0"
Running,2020-05-15 12:14:50,false,"Longview Running","1.17","182","00:10:08","--","--","144","151","8:41","8:09","--","118","1.29","0.0","0.0","0.0","0.0","0.0","10:08","0:00","0.0","0:00","No","01:20.05","2","0.0"
Running,2020-05-11 13:28:33,false,"Longview Running","3.11","409","00:27:59","161","181","143","180","9:00","8:04","79","272","1.25","0.0","0.0","0.0","0.0","0.0","27:59","0:00","0.0","0:00","No","00:55.97","4","0.0"
Running,2020-05-07 12:43:37,false,"Longview Running","6.00","895","00:57:36","170","189","134","161","9:36","7:36","354","597","1.26","0.0","0.0","0.0","0.0","0.0","57:36","0:00","0.0","0:00","No","00:01.96","7","0.0"
Running,2020-05-03 18:12:45,false,"Longview Running","1.13","149","00:10:10","161","177","150","161","8:58","8:20","--","157","1.20","0.0","0.0","0.0","0.0","0.0","10:10","0:00","0.0","0:00","No","01:15.23","2","0.0"
Running,2020-04-29 13:21:16,false,"Longview Running","4.02","574","00:37:38","166","180","140","157","9:22","8:04","187","446","1.23","0.0","0.0","0.0","0.0","0.0","37:38","0:00","0.0","0:00","No","00:13.21","5","0.0"
Running,2020-04-27 12:43:05,false,"Longview Running","3.25","568","00:45:23","152","184","93","160","13:58","7:35","233","259","1.24","0.0","0.0","0.0","0.0","0.0","45:23","0:00","0.0","0:00","No","02:14.86","4","0.0"
Running,2020-04-25 17:04:44,false,"Longview Running","3.31","454","00:29:09","168","188","148","163","8:48","7:58","102","354","1.24","0.0","0.0","0.0","0.0","0.0","29:09","0:00","0.0","0:00","No","02:43.94","4","0.0"
Running,2020-04-18 14:57:01,false,"Longview Running","6.31","864","00:56:58","165","183","144","157","9:02","8:09","213","472","1.24","0.0","0.0","0.0","0.0","0.0","56:58","0:00","0.0","0:00","No","02:47.59","7","0.0"
Running,2020-04-14 12:10:10,false,"Longview Running","3.01","377","00:26:28","155","176","147","156","8:47","8:00","102","92","1.25","0.0","0.0","0.0","0.0","0.0","26:28","0:00","0.0","0:00","No","00:08.26","4","0.0"
Running,2020-04-13 12:23:58,false,"Longview Running","3.02","368","00:25:47","156","185","145","164","8:32","7:33","98","203","1.30","0.0","0.0","0.0","0.0","0.0","25:47","0:00","0.0","0:00","No","00:09.97","4","0.0"
Running,2020-04-08 17:43:02,false,"Longview Running","4.03","612","00:38:51","170","188","135","157","9:39","7:56","440","515","1.24","0.0","0.0","0.0","0.0","0.0","38:51","0:00","0.0","0:00","No","00:14.72","5","0.0"
Running,2020-04-06 17:58:01,false,"Longview Running","3.02","424","00:27:20","165","186","141","159","9:03","7:47","39","213","1.26","0.0","0.0","0.0","0.0","0.0","27:20","0:00","0.0","0:00","No","00:10.49","4","0.0"
Treadmill Running,2020-04-02 19:29:29,false,"Treadmill Running","3.46","449","00:29:12","163","180","144","149","8:27","7:55","--","--","1.32","0.0","0.0","0.0","0.0","0.0","29:12","0:00","0.0","0:00","No","03:44.22","4","0.0"
Running,2020-04-01 12:35:17,false,"Longview Running","4.02","596","00:36:58","170","185","146","160","9:11","7:17","128","171","1.20","0.0","0.0","0.0","0.0","0.0","36:58","0:00","0.0","0:00","No","00:12.04","5","0.0"
Running,2020-03-29 10:29:19,false,"Longview Running","6.26","919","00:58:58","167","187","142","160","9:25","7:55","446","535","1.20","0.0","0.0","0.0","0.0","0.0","58:58","0:00","0.0","0:00","No","02:20.46","7","0.0"
Running,2020-03-26 17:38:43,false,"Longview Running","3.12","483","00:29:43","173","191","143","160","9:31","7:59","66","141","1.19","0.0","0.0","0.0","0.0","0.0","29:43","0:00","0.0","0:00","No","01:02.18","4","0.0"
Running,2020-03-25 15:02:35,false,"Longview Running","4.03","626","00:38:05","174","189","144","160","9:27","7:22","85","89","1.18","0.0","0.0","0.0","0.0","0.0","38:05","0:00","0.0","0:00","No","00:14.13","5","0.0"
Running,2020-03-21 15:51:26,false,"Longview Running","0.53","41","00:04:12.0","118","132","149","169","8:00","7:36","59","33","1.35","0.0","0.0","0.0","0.0","0.0","4:12.0","0:00","0.0","0:00","No","00:00.00","1","0.0"
Treadmill Running,2020-03-20 18:11:10,false,"Treadmill Running","3.30","466","00:30:36","161","182","141","149","9:16","8:11","--","--","1.24","0.0","0.0","0.0","0.0","0.0","30:36","0:00","0.0","0:00","No","02:53.100","4","0.0"
Treadmill Running,2020-03-16 16:28:17,false,"Treadmill Running","3.00","462","00:27:55","172","187","140","147","9:18","9:06","--","--","1.14","0.0","0.0","0.0","0.0","0.0","27:55","0:00","0.0","0:00","No","07:40.96","3","0.0"
Running,2020-03-11 06:05:04,false,"Longview Running","5.02","686","00:47:37","155","175","146","158","9:29","8:36","135","190","1.16","0.0","0.0","0.0","0.0","0.0","47:37","0:00","0.0","0:00","No","00:08.91","6","0.0"
Running,2020-03-08 14:43:08,false,"Longview Running","6.02","861","00:53:38","170","186","149","160","8:54","7:45","43","95","1.22","0.0","0.0","0.0","0.0","0.0","53:38","0:00","0.0","0:00","No","00:11.60","7","0.0"
Treadmill Running,2020-03-05 17:57:23,false,"Treadmill Running","4.03","573","00:33:56","174","192","145","153","8:25","7:49","--","--","1.32","0.0","0.0","0.0","0.0","0.0","33:56","0:00","0.0","0:00","No","00:17.04","5","0.0"
Running,2020-02-25 07:16:49,false,"Phoenix Running","3.01","435","00:27:27","168","185","134","165","9:08","6:52","56","141","1.31","0.0","0.0","0.0","0.0","0.0","27:27","0:00","0.0","0:00","No","00:09.56","4","0.0"
Running,2020-02-24 05:32:20,false,"Phoenix Running","4.32","628","00:40:26","167","184","133","210","9:22","6:46","30","105","1.30","0.0","0.0","0.0","0.0","0.0","40:26","0:00","0.0","0:00","No","02:33.98","5","0.0"
Running,2020-02-22 15:53:29,false,"Dallas Running","5.03","772","00:45:18","177","191","142","157","9:01","7:23","135","226","1.26","0.0","0.0","0.0","0.0","0.0","45:18","0:00","0.0","0:00","No","00:16.58","6","0.0"
Treadmill Running,2020-02-20 10:45:55,false,"Treadmill Running","5.00","732","00:42:39","177","195","149","160","8:32","8:20","--","--","1.16","0.0","0.0","0.0","0.0","0.0","42:39","0:00","0.0","0:00","No","05:06.98","5","0.0"
Running,2020-02-17 17:11:23,false,"Longview Running","6.05","962","00:58:14","176","188","140","160","9:37","7:55","177","285","1.19","0.0","0.0","0.0","0.0","0.0","58:14","0:00","0.0","0:00","No","00:31.25","7","0.0"
Treadmill Running,2020-02-11 16:18:34,false,"Treadmill Running","3.00","414","00:27:15","161","183","147","163","9:05","9:15","--","--","1.07","0.0","0.0","0.0","0.0","0.0","27:15","0:00","0.0","0:00","No","06:23.32","3","0.0"
Running,2020-02-09 07:57:51,false,"New Orleans Running","13.12","1,894","01:53:17","175","192","148","160","8:38","7:03","23","128","1.26","0.0","0.0","0.0","0.0","0.0","1:53:17","0:00","0.0","0:00","No","00:54.70","14","0.0"
Treadmill Running,2020-02-07 19:29:19,false,"Treadmill Running","2.00","305","00:20:16","160","168","141","147","10:08","8:46","--","--","1.24","0.0","0.0","0.0","0.0","0.0","20:16","0:00","0.0","0:00","No","01:54.46","3","0.0"
Treadmill Running,2020-02-05 18:14:47,false,"Treadmill Running","5.00","678","00:42:29","167","186","150","157","8:30","9:16","--","--","1.11","0.0","0.0","0.0","0.0","0.0","42:29","0:00","0.0","0:00","No","04:06.84","5","0.0"
Treadmill Running,2020-02-04 14:01:39,false,"Treadmill Running","6.25","930","01:00:00","--","--","--","--","9:36","--","--","--","0.00","0.0","0.0","0.0","0.0","0.0","1:00:00","0:00","0.0","0:00","No","00:00.00","1","0.0"
Treadmill Running,2020-01-30 17:13:36,false,"Treadmill Running","3.98","621","00:39:26","166","185","146","158","9:54","9:13","--","--","1.11","0.0","0.0","0.0","0.0","0.0","39:26","0:00","0.0","0:00","No","09:28.08","4","0.0"
Treadmill Running,2020-01-28 18:00:36,false,"Treadmill Running","5.00","790","00:49:23","169","179","144","149","9:53","8:11","--","--","1.32","0.0","0.0","0.0","0.0","0.0","49:23","0:00","0.0","0:00","No","07:12.55","6","0.0"
Running,2020-01-25 06:07:35,false,"Longview Running","10.76","1,453","01:37:06","164","186","148","160","9:01","7:32","364","456","1.21","0.0","0.0","0.0","0.0","0.0","1:37:06","0:00","0.0","0:00","No","06:13.80","11","0.0"
Running,2020-01-23 10:47:11,false,"Longview Running","11.55","1,621","01:55:53","159","185","139","161","10:02","7:12","377","397","1.15","0.0","0.0","0.0","0.0","0.0","1:55:53","0:00","0.0","0:00","No","04:40.45","12","0.0"
Running,2020-01-21 05:05:11,false,"Longview Running","5.43","667","00:49:59","146","170","152","160","9:12","7:59","157","246","1.15","0.0","0.0","0.0","0.0","0.0","49:59","0:00","0.0","0:00","No","03:51.21","6","0.0"
Running,2020-01-18 09:26:16,false,"Longview Running","9.50","1,420","01:42:45","159","175","140","158","10:49","7:54","502","430","1.07","0.0","0.0","0.0","0.0","0.0","1:42:45","0:00","0.0","0:00","No","05:03.64","10","0.0"
Treadmill Running,2020-01-17 19:05:02,false,"Treadmill Running","4.05","587","00:35:02","174","185","146","153","8:39","8:17","--","--","1.28","0.0","0.0","0.0","0.0","0.0","35:02","0:00","0.0","0:00","No","00:26.05","5","0.0"
Running,2020-01-14 05:03:37,false,"Longview Running","5.18","680","00:46:45","159","179","147","157","9:02","7:26","121","210","1.22","0.0","0.0","0.0","0.0","0.0","46:45","0:00","0.0","0:00","No","01:30.51","6","0.0"
Running,2020-01-12 16:20:59,false,"Longview Running","11.06","1,447","01:43:34","161","182","144","158","9:22","7:36","472","541","1.20","0.0","0.0","0.0","0.0","0.0","1:43:34","0:00","0.0","0:00","No","00:29.53","12","0.0"
Treadmill Running,2020-01-10 14:21:28,false,"Treadmill Running","5.37","724","00:50:05","157","171","145","149","9:19","9:04","--","--","1.20","0.0","0.0","0.0","0.0","0.0","50:05","0:00","0.0","0:00","No","03:28.90","6","0.0"
Running,2020-01-08 04:30:58,false,"Running","9.00","1,353","01:20:23","--","--","--","--","8:56","--","--","--","0.00","0.0","0.0","0.0","0.0","0.0","1:20:23","0:00","0.0","0:00","No","00:00.00","1","0.0"
Running,2020-01-07 18:31:13,false,"Longview Running","3.13","427","00:30:57","153","176","142","156","9:54","8:14","102","177","1.15","0.0","0.0","0.0","0.0","0.0","30:57","0:00","0.0","0:00","No","01:12.65","4","0.0"
Running,2020-01-05 09:53:09,false,"Longview Running","15.59","2,318","02:44:17","170","186","139","158","10:33","8:06","328","348","1.09","0.0","0.0","0.0","0.0","0.0","2:44:17","0:00","0.0","0:00","No","06:22.04","16","0.0"
Running,2020-01-03 17:44:12,false,"Longview Running","5.03","699","00:48:18","159","182","145","158","9:37","8:26","128","276","1.16","0.0","0.0","0.0","0.0","0.0","48:18","0:00","0.0","0:00","No","00:16.74","6","0.0"
Treadmill Running,2020-01-02 18:22:41,false,"Treadmill Running","5.03","706","00:43:01","174","192","149","155","8:33","8:16","--","--","1.26","0.0","0.0","0.0","0.0","0.0","43:01","0:00","0.0","0:00","No","00:14.90","6","0.0"
Running,2019-12-31 18:05:48,false,"Longview Running","5.02","686","00:44:52","165","187","144","160","8:56","7:20","174","210","1.25","0.0","0.0","0.0","0.0","0.0","44:52","0:00","0.0","0:00","No","00:11.04","6","0.0"
Running,2019-12-28 06:00:36,false,"Running","15.00","2,217","02:18:00","--","--","--","--","9:12","--","--","--","0.00","0.0","0.0","0.0","0.0","0.0","2:18:00","0:00","0.0","0:00","No","00:00.00","1","0.0"
Treadmill Running,2019-12-27 16:08:15,false,"Treadmill Running","4.09","538","00:38:22","154","169","144","150","9:23","9:02","--","--","1.19","0.0","0.0","0.0","0.0","0.0","38:22","0:00","0.0","0:00","No","00:51.75","5","0.0"
Treadmill Running,2019-12-26 15:36:29,false,"Treadmill Running","9.03","1,278","01:24:33","165","183","145","155","9:22","8:32","--","--","1.19","0.0","0.0","0.0","0.0","0.0","1:24:33","0:00","0.0","0:00","No","00:14.77","10","0.0"
Running,2019-12-23 09:08:26,false,"Houston Running","5.01","710","00:46:10","163","180","147","157","9:12","8:11","20","118","1.19","0.0","0.0","0.0","0.0","0.0","46:10","0:00","0.0","0:00","No","00:09.27","6","0.0"
Running,2019-12-15 07:15:37,false,"Galveston Running","13.03","1,886","02:02:46","166","180","146","163","9:25","8:16","26","102","1.17","0.0","0.0","0.0","0.0","0.0","2:02:46","0:00","0.0","0:00","No","00:12.19","14","0.0"
Running,2019-12-14 06:31:05,false,"Longview Running","9.02","1,438","01:23:50","170","187","148","164","9:18","7:59","230","322","1.17","0.0","0.0","0.0","0.0","0.0","1:23:50","0:00","0.0","0:00","No","00:13.06","10","0.0"
Treadmill Running,2019-12-10 06:25:55,false,"Treadmill Running","5.00","750","00:46:25","157","170","148","156","9:17","8:27","--","--","1.23","0.0","0.0","0.0","0.0","0.0","46:25","0:00","0.0","0:00","No","02:17.44","6","0.0"
Running,2019-12-07 06:07:17,false,"Longview Running","17.04","2,278","02:38:37","156","180","147","158","9:18","7:54","728","814","1.18","0.0","0.0","0.0","0.0","0.0","2:38:37","0:00","0.0","0:00","No","00:22.96","18","0.0"
Running,2019-12-05 06:14:19,false,"Longview Running","1.02","153","00:09:37.5","161","169","148","160","9:25","7:59","36","13","1.16","0.0","0.0","0.0","0.0","0.0","9:37.5","0:00","0.0","0:00","No","00:10.52","2","0.0"
Running,2019-12-05 05:31:47,false,"Longview Running","4.50","635","00:38:46","164","174","152","160","8:37","7:39","154","226","1.23","0.0","0.0","0.0","0.0","0.0","38:46","0:00","0.0","0:00","No","04:33.82","5","0.0"
Treadmill Running,2019-12-04 17:57:28,false,"Treadmill Running","9.00","1,352","01:17:59","171","191","150","160","8:40","8:10","--","--","1.14","0.0","0.0","0.0","0.0","0.0","1:17:59","0:00","0.0","0:00","No","02:38.17","9","0.0"
Running,2019-12-03 05:05:26,false,"Longview Running","5.19","746","00:48:50","154","174","152","162","9:24","7:44","138","187","1.13","0.0","0.0","0.0","0.0","0.0","48:50","0:00","0.0","0:00","No","01:46.09","6","0.0"
Running,2019-12-01 12:48:55,false,"Longview Running","15.00","2,335","02:29:03","168","183","142","184","9:56","6:41","489","587","1.14","0.0","0.0","0.0","0.0","0.0","2:29:03","0:00","0.0","0:00","No","09:01.63","15","0.0"
Running,2019-11-29 06:03:01,false,"Longview Running","5.26","712","00:49:21","150","165","142","158","9:23","7:33","108","177","1.21","0.0","0.0","0.0","0.0","0.0","49:21","0:00","0.0","0:00","No","02:16.93","6","0.0"
Running,2019-11-28 07:11:28,false,"Gregg County Running","7.00","1,060","01:01:00","170","193","150","160","8:43","7:19","472","643","1.23","0.0","0.0","0.0","0.0","0.0","1:01:00","0:00","0.0","0:00","No","00:02.52","8","0.0"
Treadmill Running,2019-11-26 12:04:02,false,"Treadmill Running","6.43","989","01:00:02","162","179","149","156","9:20","8:09","--","--","1.28","0.0","0.0","0.0","0.0","0.0","1:00:02","0:00","0.0","0:00","No","00:48.18","8","0.0"
Running,2019-11-23 06:05:52,false,"Longview Running","15.20","2,046","02:23:06","154","175","145","173","9:25","7:36","449","620","1.18","0.0","0.0","0.0","0.0","0.0","2:23:06","0:00","0.0","0:00","No","01:48.52","16","0.0"
Treadmill Running,2019-11-21 14:30:32,false,"Treadmill Running","0.00","--","00:00:03.8","63","65","--","--","--","--","--","--","0.00","0.0","0.0","0.0","0.0","0.0","0:03.8","0:00","0.0","0:00","No","00:00.00","1","0.0"
Running,2019-11-21 12:34:23,false,"Longview Running","4.05","610","00:36:29","167","180","149","156","9:01","7:41","20","85","1.20","0.0","0.0","0.0","0.0","0.0","36:29","0:00","0.0","0:00","No","00:24.100","5","0.0"
Running,2019-11-20 04:37:03,false,"Longview Running","8.02","1,169","01:09:45","164","184","150","159","8:42","7:29","266","335","1.24","0.0","0.0","0.0","0.0","0.0","1:09:45","0:00","0.0","0:00","No","00:10.55","9","0.0"
Treadmill Running,2019-11-19 17:28:38,false,"Treadmill Running","4.14","631","00:36:31","167","188","146","160","8:49","7:09","--","--","1.25","0.0","0.0","0.0","0.0","0.0","36:31","0:00","0.0","0:00","No","01:30.61","5","0.0"
Running,2019-11-18 04:36:57,false,"Longview Running","9.16","1,199","01:27:41","145","167","148","156","9:35","7:47","193","204","1.14","0.0","0.0","0.0","0.0","0.0","1:27:41","0:00","0.0","0:00","No","01:23.71","10","0.0"
Treadmill Running,2019-11-14 05:54:07,false,"Treadmill Running","6.20","871","00:50:43","167","190","151","156","8:11","8:24","--","--","1.23","0.0","0.0","0.0","0.0","0.0","50:43","0:00","0.0","0:00","No","07:12.61","6","0.0"
Running,2019-11-12 04:36:40,false,"Longview Running","5.28","713","00:46:00","155","178","152","165","8:43","7:44","108","220","1.21","0.0","0.0","0.0","0.0","0.0","46:00","0:00","0.0","0:00","No","02:14.72","6","0.0"
Running,2019-11-09 06:06:59,false,"Longview Running","12.06","1,796","01:52:43","163","182","150","158","9:21","8:06","515","604","1.15","0.0","0.0","0.0","0.0","0.0","1:52:43","0:00","0.0","0:00","No","00:00.00","1","0.0"
Treadmill Running,2019-11-08 12:22:10,false,"Treadmill Running","4.00","553","00:33:19","165","188","154","164","8:20","6:43","--","--","1.36","0.0","0.0","0.0","0.0","0.0","33:19","0:00","0.0","0:00","No","02:51.41","5","0.0"
Running,2019-11-06 05:40:17,false,"Longview Running","6.04","936","00:53:23","173","189","147","157","8:51","7:23","197","285","1.24","0.0","0.0","0.0","0.0","0.0","53:23","0:00","0.0","0:00","No","00:00.00","1","0.0"
Running,2019-11-05 05:04:35,false,"Longview Running","6.00","467","00:56:47","157","176","150","156","9:28","7:29","180","272","1.13","0.0","0.0","0.0","0.0","0.0","56:47","0:00","0.0","0:00","No","00:00.00","1","0.0"
Running,2019-11-03 09:48:20,false,"Longview Running","3.00","215","00:24:21","170","184","154","160","8:07","7:40","23","102","1.29","0.0","0.0","0.0","0.0","0.0","24:21","0:00","0.0","0:00","No","00:00.00","1","0.0"
Running,2019-11-02 06:09:34,false,"Longview Running","12.23","1,759","02:02:44","162","177","145","164","10:02","7:54","489","564","1.11","0.0","0.0","0.0","0.0","0.0","2:02:44","0:00","0.0","0:00","No","09:14.92","11","0.0"
Running,2019-10-31 05:04:02,false,"Longview Running","5.23","728","00:48:21","159","181","153","158","9:15","8:38","144","259","1.14","0.0","0.0","0.0","0.0","0.0","48:21","0:00","0.0","0:00","No","02:02.63","6","0.0"
Running,2019-10-30 04:33:55,false,"Longview Running","9.50","1,490","01:27:17","174","196","148","158","9:11","7:10","427","505","1.19","0.0","0.0","0.0","0.0","0.0","1:27:17","0:00","0.0","0:00","No","05:30.28","10","0.0"
Running,2019-10-26 07:31:57,false,"Falmouth Running","13.14","1,922","01:51:45","175","190","149","214","8:30","6:30","220","331","1.27","0.0","0.0","0.0","0.0","0.0","1:51:45","0:00","0.0","0:00","No","01:07.58","14","0.0"
Running,2019-10-23 05:03:26,false,"Longview Running","7.18","993","01:10:07","150","172","149","156","9:46","8:26","161","243","1.11","0.0","0.0","0.0","0.0","0.0","1:10:07","0:00","0.0","0:00","No","01:46.36","8","0.0"
Running,2019-10-19 06:08:00,false,"Longview Running","12.03","1,778","01:54:49","165","180","148","160","9:32","8:19","417","479","1.14","0.0","0.0","0.0","0.0","0.0","1:54:49","0:00","0.0","0:00","No","00:24.23","13","0.0"
Running,2019-10-17 05:06:42,false,"Longview Running","7.24","1,009","01:07:00","156","175","151","158","9:15","8:06","180","226","1.15","0.0","0.0","0.0","0.0","0.0","1:07:00","0:00","0.0","0:00","No","02:10.28","8","0.0"
Running,2019-10-14 05:03:46,false,"Longview Running","5.24","720","00:46:44","159","185","150","159","8:55","7:25","121","200","1.20","0.0","0.0","0.0","0.0","0.0","46:44","0:00","0.0","0:00","No","01:52.82","6","0.0"
Running,2019-10-12 05:07:43,false,"Longview Running","12.00","1,700","01:57:56","158","181","151","160","9:50","8:36","551","604","1.08","0.0","0.0","0.0","0.0","0.0","1:57:56","0:00","0.0","0:00","No","09:24.76","12","0.0"
Running,2019-10-08 05:04:32,false,"Longview Running","5.12","708","00:50:27","148","164","151","156","9:51","8:36","121","194","1.08","0.0","0.0","0.0","0.0","0.0","50:27","0:00","0.0","0:00","No","01:12.90","6","0.0"
Running,2019-10-07 12:11:32,false,"Longview Running","5.00","707","00:42:57","170","186","147","162","8:36","7:18","180","217","1.27","0.0","0.0","0.0","0.0","0.0","42:57","0:00","0.0","0:00","No","08:25.85","5","0.0"
Running,2019-10-05 06:05:57,false,"Longview Running","12.01","1,771","01:58:45","162","182","147","157","9:53","7:19","584","676","1.11","0.0","0.0","0.0","0.0","0.0","1:58:45","0:00","0.0","0:00","No","00:07.43","13","0.0"
Running,2019-10-03 05:03:45,false,"Longview Running","5.13","719","00:48:20","156","180","149","158","9:25","8:16","315","384","1.15","0.0","0.0","0.0","0.0","0.0","48:20","0:00","0.0","0:00","No","01:19.21","6","0.0"
Running,2019-10-02 04:34:27,false,"Longview Running","7.01","964","01:04:42","159","182","149","157","9:14","6:58","653","705","1.17","0.0","0.0","0.0","0.0","0.0","1:04:42","0:00","0.0","0:00","No","00:07.39","8","0.0"
Running,2019-10-01 05:05:02,false,"Longview Running","5.27","722","00:49:08","158","183","149","155","9:19","8:19","138","184","1.16","0.0","0.0","0.0","0.0","0.0","49:08","0:00","0.0","0:00","No","02:23.91","6","0.0"
Running,2019-09-28 06:03:09,false,"Longview Running","5.01","792","00:53:26","165","177","142","160","10:40","8:33","164","187","1.06","0.0","0.0","0.0","0.0","0.0","53:26","0:00","0.0","0:00","No","00:03.15","6","0.0"
Running,2019-09-28 05:02:44,false,"Longview Running","5.21","731","00:50:49","155","176","149","156","9:45","7:49","427","476","1.11","0.0","0.0","0.0","0.0","0.0","50:49","0:00","0.0","0:00","No","01:57.41","6","0.0"
Running,2019-09-27 11:57:38,false,"Longview Running","3.01","430","00:26:17","173","193","148","157","8:45","7:27","7","59","1.25","0.0","0.0","0.0","0.0","0.0","26:17","0:00","0.0","0:00","No","00:03.77","4","0.0"
Running,2019-09-25 05:38:48,false,"Longview Running","1.03","147","00:08:58.6","174","187","149","157","8:45","7:46","161","138","1.24","0.0","0.0","0.0","0.0","0.0","8:58.6","0:00","0.0","0:00","No","00:12.47","2","0.0"
Running,2019-09-25 04:33:14,false,"Longview Running","5.97","867","01:03:29","152","177","139","155","10:38","8:41","256","325","1.09","0.0","0.0","0.0","0.0","0.0","1:03:29","0:00","0.0","0:00","No","09:42.43","6","0.0"
Running,2019-09-24 05:04:00,false,"Longview Running","5.72","850","00:56:23","164","192","140","158","9:52","8:09","226","299","1.16","0.0","0.0","0.0","0.0","0.0","56:23","0:00","0.0","0:00","No","06:17.31","6","0.0"
Running,2019-09-23 05:04:35,false,"Longview Running","5.88","841","00:57:21","161","183","147","160","9:46","8:32","210","285","1.12","0.0","0.0","0.0","0.0","0.0","57:21","0:00","0.0","0:00","No","08:33.60","6","0.0"
Running,2019-09-21 06:48:47,false,"Dallas Running","9.10","1,426","01:34:34","171","191","137","213","10:24","8:13","144","230","1.13","0.0","0.0","0.0","0.0","0.0","1:34:34","0:00","0.0","0:00","No","00:53.44","10","0.0"
Running,2019-09-17 05:04:19,false,"Longview Running","5.10","801","00:51:54","170","191","146","154","10:10","8:02","108","154","1.08","0.0","0.0","0.0","0.0","0.0","51:54","0:00","0.0","0:00","No","00:57.57","6","0.0"
Running,2019-09-13 05:06:30,false,"Longview Running","5.22","781","00:51:13","166","184","146","156","9:49","8:33","230","305","1.12","0.0","0.0","0.0","0.0","0.0","51:13","0:00","0.0","0:00","No","02:05.03","6","0.0"
Running,2019-09-11 04:33:36,false,"Longview Running","7.00","1,064","01:09:03","168","188","147","155","9:52","8:44","338","404","1.11","0.0","0.0","0.0","0.0","0.0","1:09:03","0:00","0.0","0:00","No","00:02.50","8","0.0"
Running,2019-09-09 04:48:37,false,"Longview Running","5.20","720","00:50:55","155","180","147","155","9:48","8:02","121","197","1.12","0.0","0.0","0.0","0.0","0.0","50:55","0:00","0.0","0:00","No","01:42.73","6","0.0"
Treadmill Running,2019-09-06 17:10:05,false,"Treadmill Running","1.13","155","00:10:08","167","185","145","156","9:00","8:20","--","--","1.23","0.0","0.0","0.0","0.0","0.0","10:08","0:00","0.0","0:00","No","01:05.57","2","0.0"
Running,2019-09-06 17:09:42,false,"Running","0.00","--","00:00:01.0","112","112","--","--","--","--","--","--","0.00","0.0","0.0","0.0","0.0","0.0","0:01.0","0:00","0.0","0:00","No","00:00.00","1","0.0"
Treadmill Running,2019-09-05 12:04:36,false,"Treadmill Running","4.00","541","00:35:15","166","187","146","155","8:49","7:59","--","--","1.23","0.0","0.0","0.0","0.0","0.0","35:15","0:00","0.0","0:00","No","08:27.38","4","0.0"
Running,2019-09-01 07:07:54,false,"Yamhill County Running","13.15","1,886","02:06:41","168","189","147","158","9:38","7:28","463","591","1.14","0.0","0.0","0.0","0.0","0.0","2:06:41","0:00","0.0","0:00","No","01:22.61","14","0.0"
Treadmill Running,2019-08-26 19:06:35,false,"Treadmill Running","7.00","1,020","01:08:35","165","182","145","150","9:48","8:41","--","--","1.20","0.0","0.0","0.0","0.0","0.0","1:08:35","0:00","0.0","0:00","No","03:52.23","8","0.0"
Running,2019-08-21 05:58:01,false,"Longview Running","6.50","975","01:10:09","164","185","137","158","10:47","8:21","194","269","1.08","0.0","0.0","0.0","0.0","0.0","1:10:09","0:00","0.0","0:00","No","05:18.14","7","0.0"
Treadmill Running,2019-08-20 12:07:40,false,"Treadmill Running","4.50","601","00:42:34","158","178","145","152","9:27","9:02","--","--","1.09","0.0","0.0","0.0","0.0","0.0","42:34","0:00","0.0","0:00","No","02:04.04","5","0.0"
Running,2019-08-18 06:34:33,false,"Longview Running","8.25","1,187","01:29:30","160","183","139","157","10:51","8:02","449","515","1.07","0.0","0.0","0.0","0.0","0.0","1:29:30","0:00","0.0","0:00","No","02:40.60","9","0.0"
Treadmill Running,2019-08-15 11:41:41,false,"Treadmill Running","4.06","587","00:40:05","166","180","147","154","9:53","8:59","--","--","1.11","0.0","0.0","0.0","0.0","0.0","40:05","0:00","0.0","0:00","No","00:36.58","5","0.0"
Treadmill Running,2019-08-14 18:45:55,false,"Treadmill Running","5.00","706","00:48:30","164","177","146","151","9:42","8:56","--","--","1.11","0.0","0.0","0.0","0.0","0.0","48:30","0:00","0.0","0:00","No","08:43.15","5","0.0"
Treadmill Running,2019-08-11 17:01:53,false,"Treadmill Running","7.00","985","01:13:07","154","170","145","152","10:27","9:06","--","--","1.15","0.0","0.0","0.0","0.0","0.0","1:13:07","0:00","0.0","0:00","No","05:46.27","8","0.0"
Treadmill Running,2019-08-10 18:06:28,false,"Treadmill Running","3.00","403","00:25:43","174","188","147","153","8:34","7:47","--","--","1.22","0.0","0.0","0.0","0.0","0.0","25:43","0:00","0.0","0:00","No","07:25.25","3","0.0"
Treadmill Running,2019-08-09 18:57:37,false,"Treadmill Running","3.11","435","00:30:18","162","175","145","152","9:44","9:04","--","--","1.14","0.0","0.0","0.0","0.0","0.0","30:18","0:00","0.0","0:00","No","01:05.36","4","0.0"
Treadmill Running,2019-08-08 12:08:22,false,"Treadmill Running","4.35","600","00:40:12","167","189","148","155","9:14","8:39","--","--","1.10","0.0","0.0","0.0","0.0","0.0","40:12","0:00","0.0","0:00","No","00:31.55","5","0.0"
Running,2019-08-06 10:27:46,false,"Longview Running","3.04","437","00:30:06","167","181","146","157","9:54","7:34","7","82","1.11","0.0","0.0","0.0","0.0","0.0","30:06","0:00","0.0","0:00","No","00:29.17","4","0.0"
Treadmill Running,2019-08-04 17:45:01,false,"Treadmill Running","6.12","864","01:00:01","162","182","146","155","9:48","9:41","--","--","1.07","0.0","0.0","0.0","0.0","0.0","1:00:01","0:00","0.0","0:00","No","08:16.67","6","0.0"
Treadmill Running,2019-08-02 13:14:24,false,"Treadmill Running","3.00","417","00:30:41","154","173","147","155","10:14","8:16","--","--","1.27","0.0","0.0","0.0","0.0","0.0","30:41","0:00","0.0","0:00","No","04:37.79","4","0.0"
Running,2019-08-01 19:32:10,false,"Longview Running","4.10","599","00:40:25","168","181","145","155","9:52","7:54","46","46","1.12","0.0","0.0","0.0","0.0","0.0","40:25","0:00","0.0","0:00","No","00:53.17","5","0.0"
Treadmill Running,2019-07-31 17:51:37,false,"Treadmill Running","2.53","311","00:21:50","160","180","136","153","8:39","7:20","--","--","1.37","0.0","0.0","0.0","0.0","0.0","21:50","0:00","0.0","0:00","No","04:56.39","3","0.0"
Running,2019-07-29 08:32:37,false,"Sonoma Running","3.00","441","00:32:21","160","183","138","160","10:47","7:08","200","249","1.07","0.0","0.0","0.0","0.0","0.0","32:21","0:00","0.0","0:00","No","09:10.18","3","0.0"
Running,2019-07-28 06:07:43,false,"Sonoma Running","4.06","575","00:38:43","168","183","139","158","9:32","6:57","43","95","1.21","0.0","0.0","0.0","0.0","0.0","38:43","0:00","0.0","0:00","No","00:36.22","5","0.0"
Running,2019-07-24 11:56:32,false,"Longview Running","4.01","605","00:39:12","176","190","145","155","9:46","7:41","13","43","1.14","0.0","0.0","0.0","0.0","0.0","39:12","0:00","0.0","0:00","No","00:08.11","5","0.0"
Running,2019-07-22 07:00:57,false,"Longview Running","3.17","456","00:33:07","163","186","137","159","10:26","7:45","144","210","1.12","0.0","0.0","0.0","0.0","0.0","33:07","0:00","0.0","0:00","No","01:53.44","4","0.0"
Running,2019-07-16 12:02:45,false,"Longview Running","3.00","456","00:32:30","169","185","143","154","10:49","7:20","7","26","1.04","0.0","0.0","0.0","0.0","0.0","32:30","0:00","0.0","0:00","No","00:02.09","4","0.0"
Running,2019-07-14 09:05:05,false,"Longview Running","3.25","478","00:33:12","168","188","144","160","10:12","8:59","128","180","1.10","0.0","0.0","0.0","0.0","0.0","33:12","0:00","0.0","0:00","No","02:46.07","4","0.0"
Running,2019-03-30 10:01:29,false,"Tyler Running","0.51","63","00:04:48.0","151","170","120","158","9:27","7:21","30","39","1.42","0.0","0.0","0.0","0.0","0.0","4:48.0","0:00","0.0","0:00","No","00:00.00","1","0.0"
Running,2019-03-25 12:24:47,false,"Longview Running","3.01","438","00:30:36","161","186","142","156","10:09","8:11","102","128","1.12","0.0","0.0","0.0","0.0","0.0","30:36","0:00","0.0","0:00","No","00:09.44","4","0.0"
Running,2019-03-20 12:56:56,false,"Longview Running","3.01","449","00:31:09","164","188","138","155","10:20","6:59","72","82","1.12","0.0","0.0","0.0","0.0","0.0","31:09","0:00","0.0","0:00","No","00:07.32","4","0.0"
Treadmill Running,2019-03-07 16:33:15,false,"Treadmill Running","1.07","142","00:10:36","158","167","143","154","9:54","9:06","--","--","1.14","0.0","0.0","0.0","0.0","0.0","10:36","0:00","0.0","0:00","No","01:01.43","2","0.0"
Running,2019-03-03 08:05:53,false,"Little Rock - Running","13.27","1,902","02:17:19","170","188","150","160","10:21","7:53","305","312","1.04","0.0","0.0","0.0","0.0","0.0","2:17:19","0:00","0.0","0:00","No","02:27.13","14","0.0"
Treadmill Running,2019-02-28 16:51:58,false,"Treadmill Running","1.22","155","00:10:27","169","195","145","160","8:33","7:08","--","--","1.30","0.0","0.0","0.0","0.0","0.0","10:27","0:00","0.0","0:00","No","01:48.78","2","0.0"
Running,2019-02-24 12:42:33,false,"Longview Running","8.51","1,257","01:32:22","168","188","131","156","10:51","1:32","351","328","1.13","0.0","0.0","0.0","0.0","0.0","1:32:22","0:00","0.0","0:00","No","09:05.39","9","0.0"
Running,2019-02-09 08:01:30,false,"Kilgore Running","11.00","1,507","01:45:36","169","188","149","165","9:36","8:07","220","285","1.12","0.0","0.0","0.0","0.0","0.0","1:45:36","0:00","0.0","0:00","No","09:02.65","12","0.0"
Treadmill Running,2019-01-30 05:25:10,false,"Treadmill Running","2.30","287","00:20:25","165","184","141","149","8:54","7:59","--","--","1.28","0.0","0.0","0.0","0.0","0.0","20:25","0:00","0.0","0:00","No","00:00.00","3","0.0"
Treadmill Running,2019-01-30 05:24:42,false,"Treadmill Running","0.00","--","00:00:01.8","89","89","--","--","--","--","--","--","0.00","0.0","0.0","0.0","0.0","0.0","0:01.8","0:00","0.0","0:00","No","00:00.00","1","0.0"
Treadmill Running,2019-01-27 13:44:01,false,"Treadmill Running","9.47","1,316","01:29:02","172","190","141","151","9:24","8:13","--","--","1.22","0.0","0.0","0.0","0.0","0.0","1:29:02","0:00","0.0","0:00","No","00:00.00","10","0.0"
Treadmill Running,2019-01-19 10:59:36,false,"Treadmill Running","3.12","420","00:26:04","181","193","149","155","8:21","7:51","--","--","1.30","0.0","0.0","0.0","0.0","0.0","26:04","0:00","0.0","0:00","No","00:00.00","4","0.0"
Running,2019-01-12 10:36:09,false,"Longview Running","9.02","1,245","01:30:54","164","185","144","167","10:05","7:21","335","335","1.11","0.0","0.0","0.0","0.0","0.0","1:30:54","0:00","0.0","0:00","No","00:00.00","10","0.0"
Running,2019-01-08 11:51:49,false,"Tyler Running","3.00","400","00:29:40","162","179","141","151","9:53","8:19","128","135","1.15","0.0","0.0","0.0","0.0","0.0","29:40","0:00","0.0","0:00","No","00:00.00","4","0.0"
Running,2019-01-06 14:33:14,false,"Longview Running","7.03","1,034","01:12:47","172","190","137","158","10:21","7:17","230","220","1.14","0.0","0.0","0.0","0.0","0.0","1:12:47","0:00","0.0","0:00","No","00:00.00","8","0.0"
Treadmill Running,2019-01-02 12:21:12,false,"Treadmill Running","4.00","561","00:38:11","171","193","144","152","9:33","8:17","--","--","1.29","0.0","0.0","0.0","0.0","0.0","38:11","0:00","0.0","0:00","No","00:00.00","5","0.0"
Running,2018-12-09 09:00:46,false,"Dallas Running","13.21","1,879","02:16:02","174","194","143","159","10:18","7:55","305","318","1.09","0.0","0.0","0.0","0.0","0.0","2:16:02","0:00","0.0","0:00","No","00:00.00","14","0.0"
Running,2018-11-30 13:01:24,false,"Tyler Running","3.00","582","00:38:06","176","197","137","154","12:41","7:44","230","197","0.93","0.0","0.0","0.0","0.0","0.0","38:06","0:00","0.0","0:00","No","00:00.00","4","0.0"
Treadmill Running,2018-11-27 15:39:13,false,"Treadmill Running","4.00","550","00:38:25","166","185","141","170","9:36","7:58","--","--","1.27","0.0","0.0","0.0","0.0","0.0","38:25","0:00","0.0","0:00","No","00:00.00","5","0.0"
Running,2018-11-22 08:01:03,false,"Atlanta Running","13.24","1,787","02:10:46","167","186","145","157","9:53","7:06","545","636","1.12","0.0","0.0","0.0","0.0","0.0","2:10:46","0:00","0.0","0:00","No","00:00.00","14","0.0"
Running,2018-11-22 07:39:24,false,"Atlanta Running","0.00","--","00:00:01.2","90","90","--","--","--","--","--","--","0.00","0.0","0.0","0.0","0.0","0.0","0:01.2","0:00","0.0","0:00","No","00:00.00","1","0.0"
Treadmill Running,2018-11-12 11:51:56,false,"Treadmill Running","3.00","412","00:28:42","167","183","145","151","9:34","7:33","--","--","1.37","0.0","0.0","0.0","0.0","0.0","28:42","0:00","0.0","0:00","No","00:00.00","4","0.0"
Running,2018-11-06 15:43:45,false,"Tyler Running","6.00","868","00:58:17","172","189","139","155","9:43","7:10","144","154","1.19","0.0","0.0","0.0","0.0","0.0","58:17","0:00","0.0","0:00","No","00:00.00","6","0.0"
Running,2018-11-03 08:02:19,false,"Longview Running","3.19","412","00:26:35","175","191","148","157","8:21","7:30","115","125","1.30","0.0","0.0","0.0","0.0","0.0","26:35","0:00","0.0","0:00","No","00:00.00","4","0.0"
Treadmill Running,2018-11-01 12:38:16,false,"Treadmill Running","5.00","783","00:48:50","178","194","144","147","9:46","8:19","--","--","1.29","0.0","0.0","0.0","0.0","0.0","48:50","0:00","0.0","0:00","No","00:00.00","6","0.0"
Treadmill Running,2018-10-30 09:15:36,false,"Treadmill Running","3.00","464","00:30:00","--","--","--","--","10:00","--","--","--","0.00","0.0","0.0","0.0","0.0","0.0","30:00","0:00","0.0","0:00","No","00:00.00","1","0.0"
Running,2018-10-27 07:31:31,false,"Cedar Park Running","13.07","1,844","02:09:22","171","190","145","158","9:54","8:35","328","367","1.12","0.0","0.0","0.0","0.0","0.0","2:09:22","0:00","0.0","0:00","No","00:00.00","14","0.0"
Treadmill Running,2018-10-23 15:50:54,false,"Treadmill Running","5.00","722","00:50:07","167","187","144","147","10:01","9:13","--","--","0.96","0.0","0.0","0.0","0.0","0.0","50:07","0:00","0.0","0:00","No","00:00.00","5","0.0"
Running,2018-10-20 13:45:23,false,"Longview Running","9.01","1,436","01:37:31","175","190","139","150","10:50","8:13","384","364","1.07","0.0","0.0","0.0","0.0","0.0","1:37:31","0:00","0.0","0:00","No","00:00.00","10","0.0"
Treadmill Running,2018-10-16 16:08:59,false,"Treadmill Running","5.56","802","00:50:15","176","193","146","155","9:02","8:00","--","--","1.22","0.0","0.0","0.0","0.0","0.0","50:15","0:00","0.0","0:00","No","00:00.00","6","0.0"
Treadmill Running,2018-10-13 15:18:06,false,"Treadmill Running","9.14","1,272","01:25:02","169","191","143","149","9:18","8:54","--","--","1.21","0.0","0.0","0.0","0.0","0.0","1:25:02","0:00","0.0","0:00","No","00:00.00","10","0.0"
Treadmill Running,2018-10-09 13:05:35,false,"Treadmill Running","3.02","485","00:32:35","169","178","143","158","10:48","8:38","--","--","1.26","0.0","0.0","0.0","0.0","0.0","32:35","0:00","0.0","0:00","No","00:00.00","4","0.0"
Running,2018-10-06 07:33:10,false,"Longview Running","8.00","1,267","01:25:41","174","198","137","210","10:43","8:26","259","272","1.09","0.0","0.0","0.0","0.0","0.0","1:25:41","0:00","0.0","0:00","No","00:00.00","8","0.0"
Running,2018-10-04 06:50:39,false,"Longview Running","4.00","616","00:38:21","179","199","144","152","9:35","8:14","161","174","1.17","0.0","0.0","0.0","0.0","0.0","38:21","0:00","0.0","0:00","No","00:00.00","5","0.0"
Running,2018-10-02 08:47:21,false,"Tyler Running","4.39","730","00:45:07","177","198","130","155","10:17","7:55","184","187","1.20","0.0","0.0","0.0","0.0","0.0","45:07","0:00","0.0","0:00","No","00:00.00","5","0.0"
Indoor Running,2018-09-25 16:18:56,false,"Indoor Running","1.00","164","00:10:17","177","190","144","148","10:17","9:16","--","--","1.09","0.0","0.0","0.0","0.0","0.0","10:17","0:00","0.0","0:00","No","00:00.00","1","0.0"
Running,2018-09-25 15:41:30,false,"Tyler Running","2.50","428","00:27:47","171","194","121","153","11:07","7:42","112","121","1.19","0.0","0.0","0.0","0.0","0.0","27:47","0:00","0.0","0:00","No","00:00.00","3","0.0"
Treadmill Running,2018-09-18 16:10:46,false,"Treadmill Running","4.40","595","00:38:29","171","188","146","153","8:45","8:14","--","--","1.26","0.0","0.0","0.0","0.0","0.0","38:29","0:00","0.0","0:00","No","00:00.00","5","0.0"
Treadmill Running,2018-09-16 18:28:57,false,"Treadmill Running","6.67","954","01:00:21","174","191","143","155","9:03","8:39","--","--","1.24","0.0","0.0","0.0","0.0","0.0","1:00:21","0:00","0.0","0:00","No","00:00.00","7","0.0"
Running,2018-09-15 18:45:39,false,"Longview Running","3.01","445","00:29:29","171","187","144","151","9:48","8:14","102","98","1.14","0.0","0.0","0.0","0.0","0.0","29:29","0:00","0.0","0:00","No","00:00.00","4","0.0"
Treadmill Running,2018-09-11 16:32:35,false,"Treadmill Running","3.00","485","00:30:26","175","185","143","149","10:09","8:46","--","--","1.22","0.0","0.0","0.0","0.0","0.0","30:26","0:00","0.0","0:00","No","00:00.00","4","0.0"
Running,2018-09-09 10:44:05,false,"Longview Running","7.27","1,175","01:17:25","176","193","137","155","10:39","8:32","230","213","1.10","0.0","0.0","0.0","0.0","0.0","1:17:25","0:00","0.0","0:00","No","00:00.00","8","0.0"
Treadmill Running,2018-09-05 18:19:49,false,"Treadmill Running","3.04","386","00:26:45","161","187","147","154","8:49","8:06","--","--","1.25","0.0","0.0","0.0","0.0","0.0","26:45","0:00","0.0","0:00","No","00:00.00","4","0.0"
Treadmill Running,2018-09-04 15:39:03,false,"Treadmill Running","3.11","440","00:27:22","175","190","147","158","8:48","8:04","--","--","1.24","0.0","0.0","0.0","0.0","0.0","27:22","0:00","0.0","0:00","No","00:00.00","4","0.0"
Running,2018-09-02 11:14:15,false,"Longview Running","7.60","1,237","01:22:16","170","192","133","152","10:49","8:09","315","279","1.12","0.0","0.0","0.0","0.0","0.0","1:22:16","0:00","0.0","0:00","No","00:00.00","8","0.0"
Treadmill Running,2018-08-30 12:58:02,false,"Treadmill Running","3.11","501","00:30:16","177","195","145","155","9:44","7:45","--","--","1.24","0.0","0.0","0.0","0.0","0.0","30:16","0:00","0.0","0:00","No","00:00.00","4","0.0"
Running,2018-08-23 11:28:20,false,"Tyler Running","3.02","464","00:31:08","168","188","135","164","10:18","7:10","79","59","1.16","0.0","0.0","0.0","0.0","0.0","31:08","0:00","0.0","0:00","No","00:00.00","4","0.0"
Treadmill Running,2018-08-19 14:02:16,false,"Treadmill Running","5.00","826","00:52:34","169","186","144","150","10:31","9:29","--","--","1.01","0.0","0.0","0.0","0.0","0.0","52:34","0:00","0.0","0:00","No","00:00.00","5","0.0"
Running,2018-08-14 06:36:21,false,"Washoe County Running","2.56","365","00:26:39","153","180","142","154","10:25","8:51","112","118","1.09","0.0","0.0","0.0","0.0","0.0","26:39","0:00","0.0","0:00","No","00:00.00","3","0.0"
Running,2018-08-12 07:41:29,false,"Washoe County Running","7.02","1,123","01:16:23","164","188","134","155","10:53","8:47","256","276","1.10","0.0","0.0","0.0","0.0","0.0","1:16:23","0:00","0.0","0:00","No","00:00.00","8","0.0"
Treadmill Running,2018-08-08 11:56:39,false,"Treadmill Running","3.00","507","00:30:19","174","188","144","153","10:06","10:07","--","--","0.97","0.0","0.0","0.0","0.0","0.0","30:19","0:00","0.0","0:00","No","00:00.00","3","0.0"
Running,2018-08-04 10:06:34,false,"Longview Running","4.01","824","00:42:31","178","199","143","158","10:37","8:11","102","95","1.06","0.0","0.0","0.0","0.0","0.0","42:31","0:00","0.0","0:00","No","00:00.00","5","0.0"
