Activity Type,Date,Favorite,Title,Distance,Calories,Time,Avg HR,Max HR,Aerobic TE,Avg Run Cadence,Max Run Cadence,Avg Pace,Best Pace,Elev Gain,Elev Loss,Avg Stride Length,Avg Vertical Ratio,Avg Vertical Oscillation,Avg Ground Contact Time,Avg GCT Balance,Training Stress ScoreÂ®,Grit,Flow,Total Strokes,Avg. Swolf,Avg Stroke Rate,Climb Time,Bottom Time,Min Temp,Surface Interval,Decompression,Best Lap Time,Number of Laps,Max Temp
Treadmill Running,2020-12-23 16:54:14,false,"Treadmill Running","2.40","243","00:20:53","172","196","3.3","163","171","8:42","6:58","--","--","1.13","0.0","0.0","--","--","0.0","0.0","0.0","--","--","--","20:53","0:00","0.0","0:00","No","04:56.66","3","0.0"
Running,2020-12-20 15:24:29,false,"Fairfax County Running","1.60","108","00:12:14","140","153","1.8","172","183","7:39","6:35","26","--","1.22","0.0","0.0","--","--","0.0","0.0","0.0","--","--","--","12:14","0:00","0.0","0:00","No","04:27.03","2","0.0"
Running,2020-12-19 15:12:33,false,"Fairfax County Running","1.66","138","00:12:25","164","197","2.6","171","181","7:30","7:00","64","65","1.26","0.0","0.0","--","--","0.0","0.0","0.0","--","--","--","12:25","0:00","0.0","0:00","No","04:57.05","2","0.0"
Treadmill Running,2020-12-16 17:16:53,false,"Treadmill Running","2.00","181","00:15:48","169","194","3.0","166","175","7:54","6:53","--","--","1.23","0.0","0.0","--","--","0.0","0.0","0.0","--","--","--","15:48","0:00","0.0","0:00","No","07:48.65","2","0.0"
Running,2020-12-13 14:24:18,false,"Fairfax County Running","1.64","128","00:11:58","158","199","2.4","173","185","7:17","6:34","48","71","1.28","0.0","0.0","--","--","0.0","0.0","0.0","--","--","--","11:58","0:00","0.0","0:00","No","04:32.41","2","0.0"
Running,2020-12-12 16:03:06,false,"Fairfax County Running","1.67","138","00:12:00","173","200","2.8","171","181","7:12","5:39","39","67","1.31","0.0","0.0","--","--","0.0","0.0","0.0","--","--","--","12:00","0:00","0.0","0:00","No","04:46.89","2","0.0"
Running,2020-12-05 14:33:32,false,"Fairfax County Running","1.65","130","00:12:33","157","179","2.4","172","183","7:36","6:33","40","59","1.23","0.0","0.0","--","--","0.0","0.0","0.0","--","--","--","12:33","0:00","0.0","0:00","No","04:46.59","2","0.0"
Treadmill Running,2020-12-03 19:19:27,false,"Treadmill Running","1.27","117","00:10:12","174","192","2.7","165","170","8:02","7:04","--","--","1.22","0.0","0.0","--","--","0.0","0.0","0.0","--","--","--","10:12","0:00","0.0","0:00","No","02:07.29","2","0.0"
Running,2020-11-29 13:58:37,false,"Fairfax County Running","1.84","144","00:13:23","163","200","2.7","172","189","7:17","6:20","9","71","1.29","0.0","0.0","--","--","0.0","0.0","0.0","--","--","--","13:23","0:00","0.0","0:00","No","05:53.22","2","0.0"
Running,2020-11-28 13:12:07,false,"Fairfax County Running","1.81","138","00:13:32","156","185","2.4","171","181","7:28","6:36","7","60","1.26","0.0","0.0","--","--","0.0","0.0","0.0","--","--","--","13:32","0:00","0.0","0:00","No","05:46.90","2","0.0"
Running,2020-11-26 12:42:20,false,"Fairfax County Running","1.53","107","00:12:08","146","191","2.2","168","177","7:57","7:13","37","83","1.20","0.0","0.0","--","--","0.0","0.0","0.0","--","--","--","12:08","0:00","0.0","0:00","No","04:11.27","2","0.0"
Running,2020-11-21 13:19:33,false,"Fairfax County Running","1.66","132","00:11:59","166","196","2.6","171","181","7:12","6:37","45","83","1.31","0.0","0.0","--","--","0.0","0.0","0.0","--","--","--","11:59","0:00","0.0","0:00","No","04:41.02","2","0.0"
Running,2020-11-19 13:51:31,false,"Fairfax County Running","1.66","117","00:12:04","151","182","2.2","171","181","7:16","6:53","64","67","1.29","0.0","0.0","--","--","0.0","0.0","0.0","--","--","--","12:04","0:00","0.0","0:00","No","04:41.47","2","0.0"
Running,2020-11-15 16:36:53,false,"Fairfax County Running","1.66","107","00:12:12","143","156","2.0","172","181","7:22","6:41","36","58","1.27","0.0","0.0","--","--","0.0","0.0","0.0","--","--","--","12:12","0:00","0.0","0:00","No","04:48.73","2","0.0"
Running,2020-11-12 13:41:12,false,"Fairfax County Running","2.31","174","00:17:41","159","193","3.0","171","181","7:40","6:48","55","79","1.23","0.0","0.0","--","--","0.0","0.0","0.0","--","--","--","17:41","0:00","0.0","0:00","No","02:25.75","3","0.0"
Running,2020-11-08 13:32:08,false,"Fairfax County Running","2.01","151","00:14:32","164","194","2.8","171","189","7:14","6:39","54","57","1.30","0.0","0.0","--","--","0.0","0.0","0.0","--","--","--","14:32","0:00","0.0","0:00","No","00:03.26","3","0.0"
Running,2020-11-06 14:08:42,false,"Fairfax County Running","2.04","160","00:15:07","167","196","3.0","172","181","7:24","6:54","14","55","1.27","0.0","0.0","--","--","0.0","0.0","0.0","--","--","--","15:07","0:00","0.0","0:00","No","00:19.99","3","0.0"
Running,2020-11-05 14:20:16,false,"Fairfax County Running","2.05","171","00:15:30","171","198","3.0","170","185","7:33","7:00","38","84","1.25","0.0","0.0","--","--","0.0","0.0","0.0","--","--","--","15:30","0:00","0.0","0:00","No","00:26.96","3","0.0"
Treadmill Running,2020-11-04 18:48:01,false,"Treadmill Running","0.44","157","00:54:08","91","109","1.0","117","123","--","16:20","--","--","0.11","0.0","0.0","--","--","0.0","0.0","0.0","--","--","--","54:08","0:00","0.0","0:00","No","54:07.98","1","0.0"
Running,2020-11-01 15:40:25,false,"Fairfax County Running","1.84","110","00:13:03","143","176","2.1","173","191","7:07","5:39","42","76","1.31","0.0","0.0","--","--","0.0","0.0","0.0","--","--","--","13:03","0:00","0.0","0:00","No","05:56.14","2","0.0"
Running,2020-10-31 13:19:49,false,"Fairfax County Running","2.05","160","00:14:49","169","199","3.0","172","190","7:14","6:40","57","88","1.29","0.0","0.0","--","--","0.0","0.0","0.0","--","--","--","14:49","0:00","0.0","0:00","No","00:22.27","3","0.0"
Running,2020-10-29 13:08:09,false,"Fairfax County Running","1.68","112","00:12:36","146","187","2.1","171","182","7:29","6:55","61","63","1.26","0.0","0.0","--","--","0.0","0.0","0.0","--","--","--","12:36","0:00","0.0","0:00","No","05:13.52","2","0.0"
Running,2020-10-25 14:08:34,false,"Fairfax County Running","1.66","84","00:12:24","128","194","1.6","173","185","7:29","7:02","49","56","1.24","0.0","0.0","--","--","0.0","0.0","0.0","--","--","--","12:24","0:00","0.0","0:00","No","04:51.45","2","0.0"
Running,2020-10-24 14:38:17,false,"Fairfax County Running","2.05","155","00:15:11","164","196","3.0","172","197","7:25","6:46","68","92","1.26","0.0","0.0","--","--","0.0","0.0","0.0","--","--","--","15:11","0:00","0.0","0:00","No","00:19.69","3","0.0"
Running,2020-10-22 13:29:08,false,"Fairfax County Running","2.40","197","00:17:48","174","197","3.3","173","190","7:25","6:34","54","97","1.26","0.0","0.0","--","--","0.0","0.0","0.0","--","--","--","17:48","0:00","0.0","0:00","No","02:51.55","3","0.0"
Running,2020-10-18 13:26:24,false,"Fairfax County Running","2.09","153","00:14:49","166","196","2.9","175","189","7:06","6:07","48","43","1.30","0.0","0.0","--","--","0.0","0.0","0.0","--","--","--","14:49","0:00","0.0","0:00","No","00:33.78","3","0.0"
Running,2020-10-17 14:45:46,false,"Fairfax County Running","2.04","143","00:15:13","154","191","2.5","175","187","7:29","6:59","57","88","1.23","0.0","0.0","--","--","0.0","0.0","0.0","--","--","--","15:13","0:00","0.0","0:00","No","00:16.10","3","0.0"
Running,2020-10-13 14:03:53,false,"Fairfax County Running","2.08","147","00:15:01","161","196","2.8","174","187","7:13","6:28","39","22","1.28","0.0","0.0","--","--","0.0","0.0","0.0","--","--","--","15:01","0:00","0.0","0:00","No","00:33.76","3","0.0"
Running,2020-10-08 14:14:06,false,"Fairfax County Running","2.03","158","00:15:33","166","195","3.0","172","179","7:40","7:08","28","51","1.22","0.0","0.0","--","--","0.0","0.0","0.0","--","--","--","15:33","0:00","0.0","0:00","No","00:14.94","3","0.0"
Running,2020-10-04 10:40:28,false,"Fairfax County Running","2.10","160","00:15:52","166","199","3.0","173","185","7:33","6:18","47","49","1.23","0.0","0.0","--","--","0.0","0.0","0.0","--","--","--","15:52","0:00","0.0","0:00","No","00:42.08","3","0.0"
Running,2020-10-03 13:27:34,false,"Fairfax County Running","2.10","169","00:15:08","176","201","3.2","173","191","7:12","6:32","58","65","1.29","0.0","0.0","--","--","0.0","0.0","0.0","--","--","--","15:08","0:00","0.0","0:00","No","00:41.39","3","0.0"
Running,2020-10-01 13:28:29,false,"Fairfax County Running","2.02","172","00:14:49","180","198","3.2","173","185","7:19","6:45","60","87","1.27","0.0","0.0","--","--","0.0","0.0","0.0","--","--","--","14:49","0:00","0.0","0:00","No","00:10.69","3","0.0"
Running,2020-09-27 14:27:33,false,"Fairfax County Running","2.03","174","00:15:00","178","198","3.2","175","185","7:23","6:42","60","82","1.25","0.0","0.0","--","--","0.0","0.0","0.0","--","--","--","15:00","0:00","0.0","0:00","No","00:16.52","3","0.0"
Running,2020-09-22 13:52:59,false,"Fairfax County Running","2.06","110","00:15:33","130","155","1.5","177","187","7:32","7:00","45","20","1.21","0.0","0.0","--","--","0.0","0.0","0.0","--","--","--","15:33","0:00","0.0","0:00","No","00:28.01","3","0.0"
Running,2020-09-20 13:28:48,false,"Fairfax County Running","2.02","139","00:15:09","148","174","2.4","174","185","7:31","6:40","31","72","1.23","0.0","0.0","--","--","0.0","0.0","0.0","--","--","--","15:09","0:00","0.0","0:00","No","00:07.21","3","0.0"
Running,2020-09-16 10:54:40,false,"Fairfax County Running","1.83","131","00:13:56","151","174","2.3","172","179","7:37","6:56","72","86","1.23","0.0","0.0","--","--","0.0","0.0","0.0","--","--","--","13:56","0:00","0.0","0:00","No","06:08.50","2","0.0"
Running,2020-09-15 14:01:29,false,"Fairfax County Running","2.07","147","00:15:19","156","189","2.6","173","185","7:24","6:52","67","90","1.26","0.0","0.0","--","--","0.0","0.0","0.0","--","--","--","15:19","0:00","0.0","0:00","No","00:31.41","3","0.0"
Running,2020-09-12 12:56:16,false,"Fairfax County Running","1.82","136","00:13:16","165","193","2.7","174","187","7:16","6:30","40","59","1.27","0.0","0.0","--","--","0.0","0.0","0.0","--","--","--","13:16","0:00","0.0","0:00","No","05:50.96","2","0.0"
Running,2020-09-08 13:46:28,false,"Fairfax County Running","2.03","150","00:14:33","171","197","3.1","175","191","7:11","6:26","45","65","1.28","0.0","0.0","--","--","0.0","0.0","0.0","--","--","--","14:33","0:00","0.0","0:00","No","00:11.63","3","0.0"
Running,2020-09-05 12:21:15,false,"Fairfax County Running","2.05","152","00:15:02","170","190","3.0","174","190","7:21","6:51","42","64","1.26","0.0","0.0","--","--","0.0","0.0","0.0","--","--","--","15:02","0:00","0.0","0:00","No","00:18.82","3","0.0"
Running,2020-09-01 13:18:36,false,"Fairfax County Running","2.01","158","00:15:07","177","202","3.1","173","183","7:32","6:31","40","110","1.23","0.0","0.0","--","--","0.0","0.0","0.0","--","--","--","15:07","0:00","0.0","0:00","No","00:02.95","3","0.0"
Running,2020-08-29 12:13:41,false,"Fairfax County Running","2.01","154","00:14:40","176","202","3.2","178","191","7:18","6:42","70","107","1.24","0.0","0.0","--","--","0.0","0.0","0.0","--","--","--","14:40","0:00","0.0","0:00","No","00:03.71","3","0.0"
Running,2020-08-25 14:46:15,false,"Fairfax County Running","2.32","156","00:17:09","159","196","2.9","175","190","7:23","6:44","86","96","1.24","0.0","0.0","--","--","0.0","0.0","0.0","--","--","--","17:09","0:00","0.0","0:00","No","02:24.51","3","0.0"
Running,2020-08-22 13:59:04,false,"Fairfax County Running","2.46","179","00:18:30","167","196","3.2","175","187","7:30","6:36","51","85","1.23","0.0","0.0","--","--","0.0","0.0","0.0","--","--","--","18:30","0:00","0.0","0:00","No","03:36.47","3","0.0"
Running,2020-08-18 14:44:41,false,"Fairfax County Running","2.50","203","00:19:13","179","199","3.6","174","185","7:41","6:54","109","124","1.21","0.0","0.0","--","--","0.0","0.0","0.0","--","--","--","19:13","0:00","0.0","0:00","No","03:59.57","3","0.0"
Running,2020-08-15 14:40:30,false,"Fairfax County Running","2.50","179","00:18:44","166","197","3.2","172","185","7:30","6:53","104","100","1.25","0.0","0.0","--","--","0.0","0.0","0.0","--","--","--","18:44","0:00","0.0","0:00","No","03:52.93","3","0.0"
Running,2020-08-13 14:05:43,false,"Fairfax County Running","1.83","136","00:13:38","173","199","3.1","174","187","7:27","6:53","70","90","1.24","0.0","0.0","--","--","0.0","0.0","0.0","--","--","--","13:38","0:00","0.0","0:00","No","05:57.43","2","0.0"
Running,2020-08-11 14:55:57,false,"Fairfax County Running","2.52","207","00:19:38","179","199","3.6","172","189","7:48","7:10","66","78","1.20","0.0","0.0","--","--","0.0","0.0","0.0","--","--","--","19:38","0:00","0.0","0:00","No","04:10.18","3","0.0"
Running,2020-08-08 14:02:13,false,"Fairfax County Running","2.00","151","00:15:27","168","200","3.1","175","183","7:44","6:59","87","93","1.19","0.0","0.0","--","--","0.0","0.0","0.0","--","--","--","15:27","0:00","0.0","0:00","No","07:41.83","2","0.0"
Running,2020-08-04 13:50:16,false,"Fairfax County Running","2.20","177","00:17:16","174","201","3.4","177","187","7:51","7:05","79","93","1.16","0.0","0.0","--","--","0.0","0.0","0.0","--","--","--","17:16","0:00","0.0","0:00","No","01:38.56","3","0.0"
Running,2020-07-30 15:00:30,false,"Fairfax County Running","1.83","143","00:13:37","177","201","3.2","177","187","7:26","6:41","57","86","1.22","0.0","0.0","--","--","0.0","0.0","0.0","--","--","--","13:37","0:00","0.0","0:00","No","06:00.87","2","0.0"
Running,2020-07-28 14:44:37,false,"Fairfax County Running","2.52","203","00:20:01","171","200","3.5","177","187","7:57","6:59","102","116","1.14","0.0","0.0","--","--","0.0","0.0","0.0","--","--","--","20:01","0:00","0.0","0:00","No","04:21.12","3","0.0"
Running,2020-07-24 14:33:12,false,"Fairfax County Running","1.84","136","00:13:41","165","197","2.9","181","193","7:27","6:35","31","54","1.19","0.0","0.0","--","--","0.0","0.0","0.0","--","--","--","13:41","0:00","0.0","0:00","No","06:02.59","2","0.0"
Running,2020-07-16 15:11:23,false,"Fairfax County Running","1.81","119","00:13:23","153","197","2.5","178","189","7:23","6:47","74","98","1.23","0.0","0.0","--","--","0.0","0.0","0.0","--","--","--","13:23","0:00","0.0","0:00","No","05:53.43","2","0.0"
Running,2020-07-14 14:28:00,false,"Fairfax County Running","1.81","105","00:13:33","143","186","2.2","178","187","7:30","6:34","66","88","1.20","0.0","0.0","--","--","0.0","0.0","0.0","--","--","--","13:33","0:00","0.0","0:00","No","05:50.00","2","0.0"
Running,2020-07-13 15:02:58,false,"Fairfax County Running","0.97","117","00:11:20","170","186","2.7","158","239","11:42","4:16","7","12","0.87","0.0","0.0","--","--","0.0","0.0","0.0","--","--","--","11:20","0:00","0.0","0:00","No","11:20.19","1","0.0"
Running,2020-07-10 14:43:04,false,"Fairfax County Running","1.79","121","00:13:11","154","195","2.5","179","193","7:21","6:39","63","88","1.23","0.0","0.0","--","--","0.0","0.0","0.0","--","--","--","13:11","0:00","0.0","0:00","No","05:38.95","2","0.0"
Running,2020-07-08 14:00:21,false,"Fairfax County Running","1.00","106","00:10:17","167","191","2.4","172","228","10:17","4:26","--","--","0.91","0.0","0.0","--","--","0.0","0.0","0.0","--","--","--","10:17","0:00","0.0","0:00","No","10:16.72","1","0.0"
Running,2020-07-07 14:04:55,false,"Fairfax County Running","1.81","147","00:13:07","178","198","3.0","178","193","7:15","6:25","58","90","1.25","0.0","0.0","--","--","0.0","0.0","0.0","--","--","--","13:07","0:00","0.0","0:00","No","05:43.85","2","0.0"
Running,2020-07-05 14:22:06,false,"Fairfax County Running","1.29","93","00:09:30.1","162","198","2.5","178","189","7:21","6:22","42","36","1.23","0.0","0.0","--","--","0.0","0.0","0.0","--","--","--","9:30.1","0:00","0.0","0:00","No","02:06.32","2","0.0"
Running,2020-07-03 15:05:27,false,"Fairfax County Running","0.84","94","00:09:25.2","164","184","2.3","157","247","11:15","4:08","7","6","0.91","0.0","0.0","--","--","0.0","0.0","0.0","--","--","--","9:25.2","0:00","0.0","0:00","No","09:25.21","1","0.0"
Running,2020-07-02 14:19:47,false,"Fairfax County Running","1.23","97","00:08:54.5","177","194","2.6","176","187","7:15","6:53","40","41","1.26","0.0","0.0","--","--","0.0","0.0","0.0","--","--","--","8:54.5","0:00","0.0","0:00","No","01:33.19","2","0.0"
Running,2020-06-29 14:23:32,false,"Fairfax County Running","1.80","154","00:13:15","183","202","3.2","176","189","7:21","6:36","70","79","1.24","0.0","0.0","--","--","0.0","0.0","0.0","--","--","--","13:15","0:00","0.0","0:00","No","05:44.95","2","0.0"
Running,2020-06-27 14:50:02,false,"Fairfax County Running","0.62","76","00:08:33.3","148","182","2.0","150","250","13:53","3:51","--","6","0.77","0.0","0.0","--","--","0.0","0.0","0.0","--","--","--","8:33.3","0:00","0.0","0:00","No","08:33.25","1","0.0"
Running,2020-06-24 14:28:45,false,"Fairfax County Running","1.82","135","00:13:15","163","197","2.7","177","187","7:17","6:23","64","94","1.25","0.0","0.0","--","--","0.0","0.0","0.0","--","--","--","13:15","0:00","0.0","0:00","No","05:50.21","2","0.0"
Running,2020-06-22 14:44:20,false,"Fairfax County Running","0.98","81","00:07:47.4","167","189","2.2","175","185","7:58","7:06","37","12","1.16","0.0","0.0","--","--","0.0","0.0","0.0","--","--","--","7:47.4","0:00","0.0","0:00","No","07:47.45","1","0.0"
Running,2020-06-17 13:11:38,false,"Fairfax County Running","1.80","142","00:13:21","169","198","2.9","179","189","7:24","6:38","48","70","1.21","0.0","0.0","--","--","0.0","0.0","0.0","--","--","--","13:21","0:00","0.0","0:00","No","05:46.68","2","0.0"
Running,2020-06-15 14:39:42,false,"Fairfax County Running","1.82","104","00:13:20","140","161","2.0","179","189","7:21","6:36","45","74","1.23","0.0","0.0","--","--","0.0","0.0","0.0","--","--","--","13:20","0:00","0.0","0:00","No","05:47.29","2","0.0"
Running,2020-06-14 14:33:03,false,"Fairfax County Running","1.81","140","00:13:07","175","196","3.1","179","188","7:16","6:34","70","104","1.24","0.0","0.0","--","--","0.0","0.0","0.0","--","--","--","13:07","0:00","0.0","0:00","No","05:42.18","2","0.0"
Running,2020-06-12 15:56:01,false,"Fairfax County Running","0.88","71","00:07:17.2","164","187","2.1","172","220","8:18","4:27","21","20","1.13","0.0","0.0","--","--","0.0","0.0","0.0","--","--","--","7:17.2","0:00","0.0","0:00","No","07:17.20","1","0.0"
Running,2020-06-09 14:29:51,false,"Fairfax County Running","1.80","112","00:13:30","165","195","2.8","174","185","7:30","6:47","54","81","1.20","9.8","11.9","187","49.9% L / 50.1% R","0.0","0.0","0.0","--","--","--","13:30","0:00","0.0","0:00","No","05:45.44","2","0.0"
Running,2020-06-06 14:47:37,false,"Fairfax County Running","0.55","28","00:04:00.4","160","199","2.7","176","185","7:14","6:29","16","14","1.20","9.5","11.0","189","49.6% L / 50.4% R","0.0","0.0","0.0","--","--","--","4:00.4","0:00","0.0","0:00","No","04:00.37","1","0.0"
Running,2020-06-04 13:57:45,false,"Fairfax County Running","1.72","89","00:12:46","157","200","2.3","178","201","7:25","6:15","43","64","1.18","9.4","11.2","186","50.1% L / 49.9% R","0.0","0.0","0.0","--","--","--","12:46","0:00","0.0","0:00","No","05:13.46","2","0.0"
Running,2020-06-02 15:08:13,false,"Fairfax County Running","1.74","136","00:13:01","172","200","3.0","176","187","7:30","6:42","92","85","1.22","0.0","0.0","--","--","0.0","0.0","0.0","--","--","--","13:01","0:00","0.0","0:00","No","05:19.39","2","0.0"
Running,2020-05-30 14:56:28,false,"Fairfax County Running","1.75","136","00:12:48","174","199","3.0","177","193","7:18","6:42","60","95","1.25","0.0","0.0","--","--","0.0","0.0","0.0","--","--","--","12:48","0:00","0.0","0:00","No","05:18.74","2","0.0"
Running,2020-05-27 14:06:11,false,"Fairfax County Running","1.51","102","00:11:04","153","173","2.3","178","189","7:20","6:37","567","604","1.23","0.0","0.0","--","--","0.0","0.0","0.0","--","--","--","11:04","0:00","0.0","0:00","No","03:35.72","2","0.0"
Running,2020-05-26 13:36:44,false,"Fairfax County Running","1.78","132","00:12:35","175","192","3.0","178","189","7:05","6:22","55","89","1.27","0.0","0.0","--","--","0.0","0.0","0.0","--","--","--","12:35","0:00","0.0","0:00","No","05:21.26","2","0.0"
Running,2020-05-24 16:08:50,false,"Fairfax County Running","1.81","124","00:13:10","162","201","2.8","179","191","7:17","6:43","74","90","1.23","0.0","0.0","--","--","0.0","0.0","0.0","--","--","--","13:10","0:00","0.0","0:00","No","05:43.88","2","0.0"
Running,2020-05-23 14:21:36,false,"Fairfax County Running","1.75","107","00:12:31","154","198","2.5","180","190","7:09","6:17","67","104","1.25","0.0","0.0","--","--","0.0","0.0","0.0","--","--","--","12:31","0:00","0.0","0:00","No","05:07.96","2","0.0"
Running,2020-05-21 15:29:28,false,"Fairfax County Running","1.76","69","00:12:41","145","166","2.1","179","188","7:12","6:42","31","53","1.23","8.8","11.2","171","49.5% L / 50.5% R","0.0","0.0","0.0","--","--","--","12:41","0:00","0.0","0:00","No","05:21.00","2","0.0"
Running,2020-05-20 13:51:53,false,"Fairfax County Running","1.76","63","00:12:36","141","166","1.9","179","188","7:10","5:43","61","66","1.22","9.0","10.9","176","50.0% L / 50.0% R","0.0","0.0","0.0","--","--","--","12:36","0:00","0.0","0:00","No","05:05.74","2","0.0"
Running,2020-05-17 14:29:02,false,"Fairfax County Running","1.77","132","00:12:48","177","198","3.0","179","187","7:15","6:24","57","63","1.24","0.0","0.0","--","--","0.0","0.0","0.0","--","--","--","12:48","0:00","0.0","0:00","No","05:16.06","2","0.0"
Running,2020-05-15 14:15:59,false,"Fairfax County Running","1.66","126","00:11:53","179","201","3.1","178","187","7:10","6:23","69","71","1.26","0.0","0.0","--","--","0.0","0.0","0.0","--","--","--","11:53","0:00","0.0","0:00","No","04:35.75","2","0.0"
Running,2020-05-10 13:56:09,false,"Fairfax County Running","2.28","221","00:23:11","162","184","3.2","173","200","10:11","5:40","50","31","0.91","0.0","0.0","--","--","0.0","0.0","0.0","--","--","--","23:11","0:00","0.0","0:00","No","03:01.67","3","0.0"
Running,2020-05-07 13:48:49,false,"Fairfax County Running","1.64","75","00:11:55","157","187","2.1","178","190","7:15","6:36","40","63","1.21","9.1","11.0","179","49.6% L / 50.4% R","0.0","0.0","0.0","--","--","--","11:55","0:00","0.0","0:00","No","04:28.81","2","0.0"
Running,2020-05-05 13:54:06,false,"Fairfax County Running","1.44","83","00:10:38","154","195","2.4","170","208","7:22","6:15","44","69","1.28","10.3","13.5","209","48.5% L / 51.5% R","0.0","0.0","0.0","--","--","--","10:38","0:00","0.0","0:00","No","03:09.28","2","0.0"
Running,2020-05-02 14:24:21,false,"Fairfax County Running","1.65","47","00:11:47","144","160","1.7","178","248","7:09","6:18","34","58","1.23","9.2","11.2","175","48.8% L / 51.2% R","0.0","0.0","0.0","--","--","--","11:47","0:00","0.0","0:00","No","04:27.05","2","0.0"
Running,2020-05-01 13:51:38,false,"Fairfax County Running","1.50","75","00:11:06","149","174","2.2","176","190","7:24","6:29","48","69","1.20","9.4","11.3","177","49.1% L / 50.9% R","0.0","0.0","0.0","--","--","--","11:06","0:00","0.0","0:00","No","03:24.01","2","0.0"
Running,2020-04-29 12:47:05,false,"Fairfax County Running","1.76","57","00:12:30","144","169","1.8","178","190","7:06","6:29","30","49","1.23","9.4","11.1","170","49.2% L / 50.8% R","0.0","0.0","0.0","--","--","--","12:30","0:00","0.0","0:00","No","05:12.74","2","0.0"
Running,2020-04-27 14:16:47,false,"Fairfax County Running","1.66","65","00:12:00","149","177","2.1","178","191","7:14","6:31","58","64","1.20","9.5","11.0","172","49.8% L / 50.2% R","0.0","0.0","0.0","--","--","--","12:00","0:00","0.0","0:00","No","04:30.12","2","0.0"
Running,2020-04-25 15:27:58,false,"Fairfax County Running","1.65","93","00:11:50","152","192","2.6","177","188","7:10","6:27","243","240","1.23","9.7","11.4","182","49.5% L / 50.5% R","0.0","0.0","0.0","--","--","--","11:50","0:00","0.0","0:00","No","04:29.04","2","0.0"
Running,2020-04-24 13:43:56,false,"Fairfax County Running","1.68","99","00:12:22","167","198","2.6","179","201","7:20","6:28","31","52","1.18","8.9","10.8","185","49.4% L / 50.6% R","0.0","0.0","0.0","--","--","--","12:22","0:00","0.0","0:00","No","04:43.92","2","0.0"
Running,2020-04-22 13:56:30,false,"Fairfax County Running","1.67","72","00:12:02","148","167","2.2","179","191","7:13","6:30","65","69","1.22","9.1","11.0","176","49.4% L / 50.6% R","0.0","0.0","0.0","--","--","--","12:02","0:00","0.0","0:00","No","04:32.03","2","0.0"
Running,2020-04-21 11:57:37,false,"Fairfax County Running","1.66","61","00:12:03","152","168","2.0","178","188","7:15","6:19","29","52","1.22","9.0","11.3","173","49.2% L / 50.8% R","0.0","0.0","0.0","--","--","--","12:03","0:00","0.0","0:00","No","04:31.74","2","0.0"
Running,2020-04-20 18:17:09,false,"Fairfax County Running","2.89","256","00:56:00","103","132","1.3","119","228","19:22","16:55","103","86","0.70","0.0","0.0","--","--","0.0","0.0","0.0","--","--","--","56:00","0:00","0.0","0:00","No","16:49.95","3","0.0"
Running,2020-04-19 14:16:10,false,"Fairfax County Running","1.65","58","00:11:34","143","188","1.9","179","188","7:01","6:27","36","58","1.26","8.7","11.0","171","48.9% L / 51.1% R","0.0","0.0","0.0","--","--","--","11:34","0:00","0.0","0:00","No","04:22.68","2","0.0"
Running,2020-04-17 14:02:43,false,"Fairfax County Running","1.65","121","00:11:48","169","194","3.0","180","191","7:08","6:18","190","141","1.20","9.2","10.5","179","49.4% L / 50.6% R","0.0","0.0","0.0","--","--","--","11:48","0:00","0.0","0:00","No","04:25.31","2","0.0"
Running,2020-04-15 14:28:17,false,"Fairfax County Running","1.66","113","00:11:45","163","191","2.8","183","194","7:05","6:15","44","65","1.20","8.8","10.6","171","49.8% L / 50.2% R","0.0","0.0","0.0","--","--","--","11:45","0:00","0.0","0:00","No","04:19.24","2","0.0"
Running,2020-04-14 12:12:35,false,"Fairfax County Running","1.67","97","00:11:59","165","189","2.5","181","256","7:10","6:17","42","65","1.20","9.1","10.8","179","49.6% L / 50.4% R","0.0","0.0","0.0","--","--","--","11:59","0:00","0.0","0:00","No","04:28.60","2","0.0"
Running,2020-04-12 13:12:08,false,"Fairfax County Running","0.23","11","00:01:24.3","171","180","1.3","180","201","6:03","5:36","28","28","1.28","9.2","9.8","177","49.2% L / 50.8% R","0.0","0.0","0.0","--","--","--","1:24.3","0:00","0.0","0:00","No","00:00.00","1","0.0"
Running,2020-04-12 12:35:18,false,"Fairfax County Running","3.26","158","00:25:51","153","182","2.3","178","194","7:55","6:56","122","122","1.11","9.6","10.8","181","48.9% L / 51.1% R","0.0","0.0","0.0","--","--","--","25:51","0:00","0.0","0:00","No","02:00.47","4","0.0"
Running,2020-04-08 13:15:33,false,"Fairfax County Running","1.65","88","00:11:44","161","192","2.3","179","189","7:07","6:13","40","65","1.23","8.8","10.6","188","49.2% L / 50.8% R","0.0","0.0","0.0","--","--","--","11:44","0:00","0.0","0:00","No","04:23.64","2","0.0"
Running,2020-04-07 13:44:12,false,"Fairfax County Running","1.89","78","00:14:32","150","182","1.9","178","191","7:42","6:45","81","85","1.14","9.4","10.9","182","49.6% L / 50.4% R","0.0","0.0","0.0","--","--","--","14:32","0:00","0.0","0:00","No","06:43.51","2","0.0"
Running,2020-04-06 12:48:07,false,"Fairfax County Running","1.66","75","00:11:49","156","182","2.0","179","191","7:07","6:09","41","64","1.23","9.1","11.0","180","49.0% L / 51.0% R","0.0","0.0","0.0","--","--","--","11:49","0:00","0.0","0:00","No","04:22.71","2","0.0"
Running,2020-04-05 13:46:06,false,"Fairfax County Running","1.65","63","00:11:37","153","184","1.9","179","200","7:02","6:13","39","62","1.22","8.9","10.8","181","49.2% L / 50.8% R","0.0","0.0","0.0","--","--","--","11:37","0:00","0.0","0:00","No","04:26.94","2","0.0"
Running,2020-04-04 12:47:45,false,"Fairfax County Running","1.66","72","00:12:10","152","179","2.0","179","191","7:20","6:28","30","52","1.19","9.0","10.8","179","49.6% L / 50.4% R","0.0","0.0","0.0","--","--","--","12:10","0:00","0.0","0:00","No","04:27.01","2","0.0"
Running,2020-04-03 16:11:09,false,"Fairfax County Running","0.72","36","00:05:13.9","145","160","1.6","179","188","7:16","6:41","20","39","1.21","8.8","10.8","177","48.7% L / 51.3% R","0.0","0.0","0.0","--","--","--","5:13.9","0:00","0.0","0:00","No","00:00.00","1","0.0"
Running,2020-04-02 11:23:15,false,"Fairfax County Running","0.24","12","00:01:35.8","161","189","1.2","184","215","6:47","6:17","28","28","1.24","9.1","10.5","179","49.8% L / 50.2% R","0.0","0.0","0.0","--","--","--","1:35.8","0:00","0.0","0:00","No","00:00.00","1","0.0"
Running,2020-04-02 11:03:01,false,"Fairfax County Running","1.37","120","00:10:18","185","195","3.1","178","185","7:31","6:34","28","54","1.18","9.5","11.1","183","49.4% L / 50.6% R","0.0","0.0","0.0","--","--","--","10:18","0:00","0.0","0:00","No","02:30.75","2","0.0"
Running,2020-03-30 13:21:11,false,"Fairfax County Running","1.67","138","00:11:59","182","199","3.2","180","210","7:12","6:29","27","50","1.23","9.2","11.4","175","49.5% L / 50.5% R","0.0","0.0","0.0","--","--","--","11:59","0:00","0.0","0:00","No","04:34.04","2","0.0"
Running,2020-03-29 13:21:14,false,"Fairfax County Running","1.66","68","00:12:34","147","167","2.0","179","195","7:33","6:47","31","58","1.16","9.4","10.9","178","49.5% L / 50.5% R","0.0","0.0","0.0","--","--","--","12:34","0:00","0.0","0:00","No","04:51.57","2","0.0"
Running,2020-03-27 13:31:23,false,"Fairfax County Running","0.19","8","00:01:21.9","145","150","1.1","181","187","7:11","6:53","--","12","1.23","8.6","10.8","177","49.1% L / 50.9% R","0.0","0.0","0.0","--","--","--","1:21.9","0:00","0.0","0:00","No","00:00.00","1","0.0"
Running,2020-03-27 13:12:56,false,"Fairfax County Running","1.65","94","00:12:18","160","191","2.3","179","192","7:28","6:36","29","55","1.18","9.3","11.3","186","49.6% L / 50.4% R","0.0","0.0","0.0","--","--","--","12:18","0:00","0.0","0:00","No","04:34.37","2","0.0"
Running,2020-03-26 13:59:57,false,"Fairfax County Running","1.68","94","00:12:22","160","192","2.3","178","186","7:23","6:40","42","68","1.19","9.2","11.2","187","49.0% L / 51.0% R","0.0","0.0","0.0","--","--","--","12:22","0:00","0.0","0:00","No","04:56.02","2","0.0"
Running,2020-03-24 14:16:46,false,"Fairfax County Running","1.82","79","00:12:30","153","186","2.2","177","188","6:53","4:15","3,477","3,518","1.26","8.9","11.0","179","49.8% L / 50.3% R","0.0","0.0","0.0","--","--","--","12:30","0:00","0.0","0:00","No","05:50.66","2","0.0"
Running,2020-03-19 13:12:53,false,"Fairfax County Running","1.68","91","00:12:50","152","177","2.1","177","188","7:38","6:43","46","70","1.18","9.7","11.4","176","49.1% L / 50.9% R","0.0","0.0","0.0","--","--","--","12:50","0:00","0.0","0:00","No","05:07.14","2","0.0"
Running,2020-03-18 13:49:00,false,"Fairfax County Running","1.00","57","00:07:47.7","150","162","1.8","171","188","7:46","6:46","11","55","1.16","9.0","10.6","203","49.0% L / 51.0% R","0.0","0.0","0.0","--","--","--","7:47.7","0:00","0.0","0:00","No","00:02.12","2","0.0"
Running,2020-03-17 13:53:00,false,"Fairfax County Running","1.65","71","00:12:12","147","158","1.9","177","191","7:25","6:34","31","50","1.19","9.3","11.2","177","49.9% L / 50.1% R","0.0","0.0","0.0","--","--","--","12:12","0:00","0.0","0:00","No","04:33.11","2","0.0"
Running,2020-03-16 12:29:59,false,"Fairfax County Running","1.65","99","00:12:56","142","170","2.2","174","187","7:51","6:51","47","70","1.13","9.5","11.0","177","49.0% L / 51.0% R","0.0","0.0","0.0","--","--","--","12:56","0:00","0.0","0:00","No","04:51.23","2","0.0"
Running,2020-03-14 13:21:07,false,"Fairfax County Running","1.64","75","00:12:40","143","156","1.8","177","186","7:43","6:44","40","68","1.13","9.6","10.9","185","49.6% L / 50.4% R","0.0","0.0","0.0","--","--","--","12:40","0:00","0.0","0:00","No","04:36.93","2","0.0"
Running,2020-03-13 13:17:06,false,"Fairfax County Running","1.88","124","00:14:19","156","182","2.7","177","204","7:36","6:35","57","70","1.16","9.3","10.8","183","48.9% L / 51.1% R","0.0","0.0","0.0","--","--","--","14:19","0:00","0.0","0:00","No","06:17.32","2","0.0"
Running,2020-03-12 13:59:54,false,"Fairfax County Running","1.88","104","00:14:21","157","187","2.2","176","194","7:37","6:41","36","91","1.19","9.2","11.1","181","49.8% L / 50.2% R","0.0","0.0","0.0","--","--","--","14:21","0:00","0.0","0:00","No","06:25.87","2","0.0"
Running,2020-03-10 14:25:01,false,"Fairfax County Running","1.63","84","00:12:39","150","179","2.1","176","184","7:46","6:47","27","68","1.15","9.1","10.6","184","49.8% L / 50.2% R","0.0","0.0","0.0","--","--","--","12:39","0:00","0.0","0:00","No","04:37.15","2","0.0"
Running,2020-03-09 12:21:18,false,"Fairfax County Running","1.91","72","00:14:51","145","164","1.8","178","194","7:48","6:53","29","50","1.14","9.6","10.9","183","49.5% L / 50.5% R","0.0","0.0","0.0","--","--","--","14:51","0:00","0.0","0:00","No","06:45.68","2","0.0"
Running,2020-03-08 13:44:39,false,"Fairfax County Running","0.26","18","00:01:54.8","172","195","1.3","182","195","7:15","6:50","25","31","1.21","8.3","10.2","185","50.3% L / 49.7% R","0.0","0.0","0.0","--","--","--","1:54.8","0:00","0.0","0:00","No","00:00.00","1","0.0"
Running,2020-03-08 13:25:48,false,"Fairfax County Running","1.64","85","00:12:58","147","179","2.0","174","184","7:53","7:00","9","58","1.15","9.4","10.8","190","49.8% L / 50.2% R","0.0","0.0","0.0","--","--","--","12:58","0:00","0.0","0:00","No","04:53.18","2","0.0"
Running,2020-03-05 12:20:48,false,"Fairfax County Running","1.50","86","00:11:47","149","178","2.1","174","183","7:50","6:45","39","61","1.15","9.8","11.1","186","49.6% L / 50.4% R","0.0","0.0","0.0","--","--","--","11:47","0:00","0.0","0:00","No","03:47.39","2","0.0"
Treadmill Running,2020-03-04 07:45:39,false,"Treadmill Running","1.52","35","00:12:33","150","172","2.3","170","192","8:15","7:04","--","--","1.15","10.1","11.8","192","50.2% L / 49.8% R","0.0","0.0","0.0","--","--","--","12:33","0:00","0.0","0:00","No","04:00.84","2","0.0"
Treadmill Running,2020-03-03 08:45:22,false,"Treadmill Running","0.67","95","00:13:09","144","169","1.7","147","256","19:30","7:39","--","--","1.02","8.7","8.5","330","52.0% L / 48.0% R","0.0","0.0","0.0","--","--","--","13:09","0:00","0.0","0:00","No","00:00.00","1","0.0"
Treadmill Running,2020-03-02 08:45:07,false,"Treadmill Running","0.84","57","00:06:54.7","164","189","2.0","167","176","8:16","6:58","--","--","1.17","10.2","12.4","193","49.8% L / 50.2% R","0.0","0.0","0.0","--","--","--","6:54.7","0:00","0.0","0:00","No","00:00.00","1","0.0"
Treadmill Running,2020-02-28 08:45:53,false,"Treadmill Running","0.54","46","00:04:43.5","155","172","1.7","172","256","8:46","7:22","--","--","1.10","9.9","11.4","208","50.9% L / 49.1% R","0.0","0.0","0.0","--","--","--","4:43.5","0:00","0.0","0:00","No","00:00.00","1","0.0"
Treadmill Running,2020-02-27 08:44:33,false,"Treadmill Running","1.01","67","00:08:28.8","160","182","2.0","168","178","8:22","7:16","--","--","1.14","10.6","12.5","197","50.2% L / 49.8% R","0.0","0.0","0.0","--","--","--","8:28.8","0:00","0.0","0:00","No","00:05.41","2","0.0"
Treadmill Running,2020-02-26 09:25:00,false,"Treadmill Running","0.63","53","00:05:55.4","162","183","1.7","165","198","9:28","7:50","--","--","1.14","9.8","11.2","218","51.1% L / 48.9% R","0.0","0.0","0.0","--","--","--","5:55.4","0:00","0.0","0:00","No","00:00.00","1","0.0"
Treadmill Running,2020-02-25 08:45:23,false,"Treadmill Running","0.98","53","00:07:52.9","162","184","1.9","169","179","8:02","6:57","--","--","1.18","10.3","12.4","193","49.3% L / 50.7% R","0.0","0.0","0.0","--","--","--","7:52.9","0:00","0.0","0:00","No","00:00.00","1","0.0"
Treadmill Running,2020-02-24 08:47:37,false,"Treadmill Running","1.00","63","00:08:18.4","156","185","2.0","168","178","8:18","7:05","--","--","1.16","10.4","12.2","198","50.1% L / 49.9% R","0.0","0.0","0.0","--","--","--","8:18.4","0:00","0.0","0:00","No","00:00.00","1","0.0"
Treadmill Running,2020-02-21 08:45:44,false,"Treadmill Running","0.33","28","00:02:55.1","153","174","1.6","167","256","8:45","7:35","--","--","1.09","10.6","11.5","218","49.2% L / 50.8% R","0.0","0.0","0.0","--","--","--","2:55.1","0:00","0.0","0:00","No","00:00.00","1","0.0"
Treadmill Running,2020-02-20 08:44:48,false,"Treadmill Running","0.55","59","00:08:47.6","149","179","1.6","147","183","15:53","7:09","--","--","1.11","8.2","9.8","320","49.9% L / 50.1% R","0.0","0.0","0.0","--","--","--","8:47.6","0:00","0.0","0:00","No","00:00.00","1","0.0"
Treadmill Running,2020-02-19 08:55:15,false,"Treadmill Running","1.01","28","00:08:19.8","160","180","1.0","169","175","8:17","7:09","--","--","1.16","10.2","12.1","199","50.0% L / 50.0% R","0.0","0.0","0.0","--","--","--","8:19.8","0:00","0.0","0:00","No","00:02.30","2","0.0"
Treadmill Running,2020-02-18 08:46:48,false,"Treadmill Running","1.07","178","00:20:38","159","189","2.5","147","256","19:22","7:14","--","--","0.98","7.3","8.2","313","49.7% L / 50.3% R","0.0","0.0","0.0","--","--","--","20:38","0:00","0.0","0:00","No","07:59.90","2","0.0"
Treadmill Running,2020-02-17 08:46:20,false,"Treadmill Running","0.51","40","00:03:55.3","172","185","1.7","171","181","7:45","6:53","--","--","1.20","9.7","11.9","188","50.0% L / 50.0% R","0.0","0.0","0.0","--","--","--","3:55.3","0:00","0.0","0:00","No","00:00.00","1","0.0"
Treadmill Running,2020-02-14 08:45:25,false,"Treadmill Running","0.60","38","00:04:35.9","157","177","1.6","174","182","7:42","6:43","--","--","1.21","9.1","11.3","190","50.0% L / 50.0% R","0.0","0.0","0.0","--","--","--","4:35.9","0:00","0.0","0:00","No","00:00.00","1","0.0"
Treadmill Running,2020-02-13 08:43:53,false,"Treadmill Running","1.01","41","00:08:09.1","154","181","1.4","170","179","8:05","7:01","--","--","1.17","10.5","12.4","196","50.4% L / 49.6% R","0.0","0.0","0.0","--","--","--","8:09.1","0:00","0.0","0:00","No","00:03.34","2","0.0"
Treadmill Running,2020-02-12 08:45:55,false,"Treadmill Running","0.49","15","00:04:08.8","138","165","1.0","167","182","8:30","7:07","--","--","1.20","9.7","11.9","200","49.8% L / 50.2% R","0.0","0.0","0.0","--","--","--","4:08.8","0:00","0.0","0:00","No","00:00.00","1","0.0"
Treadmill Running,2020-02-11 10:13:31,false,"Treadmill Running","0.92","32","00:07:33.8","157","180","1.4","170","181","8:13","7:12","--","--","1.15","10.4","12.1","194","50.3% L / 49.7% R","0.0","0.0","0.0","--","--","--","7:33.8","0:00","0.0","0:00","No","00:00.00","1","0.0"
Treadmill Running,2020-02-10 08:43:58,false,"Treadmill Running","1.42","79","00:12:09","159","186","2.0","170","181","8:35","7:26","--","--","1.11","10.6","11.7","196","49.8% L / 50.2% R","0.0","0.0","0.0","--","--","--","12:09","0:00","0.0","0:00","No","03:20.97","2","0.0"
Treadmill Running,2020-02-07 08:43:04,false,"Treadmill Running","0.25","21","00:02:16.5","150","170","1.3","168","171","9:11","8:06","--","--","1.04","0.0","0.0","--","--","0.0","0.0","0.0","--","--","--","2:16.5","0:00","0.0","0:00","No","00:00.00","1","0.0"
Treadmill Running,2020-02-05 08:46:23,false,"Treadmill Running","1.04","81","00:12:22","156","180","2.3","165","256","11:51","6:45","--","--","1.11","8.8","10.3","235","50.2% L / 49.8% R","0.0","0.0","0.0","--","--","--","12:22","0:00","0.0","0:00","No","00:28.06","2","0.0"
Treadmill Running,2020-02-04 08:44:35,false,"Treadmill Running","1.00","79","00:08:36.2","144","173","1.9","169","185","8:36","6:53","--","--","1.10","0.0","0.0","--","--","0.0","0.0","0.0","--","--","--","8:36.2","0:00","0.0","0:00","No","00:00.00","1","0.0"
Treadmill Running,2020-02-03 08:43:32,false,"Treadmill Running","0.70","67","00:05:50.8","174","196","2.3","168","181","8:19","6:58","--","--","1.14","11.2","12.5","194","49.7% L / 50.3% R","0.0","0.0","0.0","--","--","--","5:50.8","0:00","0.0","0:00","No","00:00.00","1","0.0"
Treadmill Running,2020-01-31 08:47:25,false,"Treadmill Running","0.63","111","00:12:19","152","193","2.1","152","256","19:28","7:02","--","--","1.00","8.5","9.6","281","49.6% L / 50.4% R","0.0","0.0","0.0","--","--","--","12:19","0:00","0.0","0:00","No","00:00.00","1","0.0"
Treadmill Running,2020-01-30 08:41:57,false,"Treadmill Running","1.12","118","00:11:16","171","194","2.7","165","178","10:02","7:26","--","--","1.12","11.2","12.6","207","49.6% L / 50.4% R","0.0","0.0","0.0","--","--","--","11:16","0:00","0.0","0:00","No","00:56.15","2","0.0"
Treadmill Running,2020-01-27 08:43:47,false,"Treadmill Running","1.02","98","00:08:31.4","186","198","2.6","166","175","8:24","7:14","--","--","1.15","11.1","12.9","198","49.4% L / 50.6% R","0.0","0.0","0.0","--","--","--","8:31.4","0:00","0.0","0:00","No","00:07.85","2","0.0"
Treadmill Running,2020-01-23 09:29:19,false,"Treadmill Running","1.29","125","00:15:19","163","194","2.4","154","256","11:50","7:14","--","--","1.09","10.1","11.1","264","50.0% L / 50.0% R","0.0","0.0","0.0","--","--","--","15:19","0:00","0.0","0:00","No","05:40.97","2","0.0"
Running,2020-01-12 13:46:50,false,"Fairfax County Running","1.59","160","00:12:08","189","205","3.5","176","188","7:39","6:41","45","70","1.16","9.5","10.8","205","49.8% L / 50.3% R","0.0","0.0","0.0","--","--","--","12:08","0:00","0.0","0:00","No","04:13.63","2","0.0"
Running,2020-01-02 13:26:41,false,"Fairfax County Running","1.61","133","00:12:48","176","196","2.8","179","188","7:57","7:30","40","65","1.09","9.6","10.4","191","49.5% L / 50.5% R","0.0","0.0","0.0","--","--","--","12:48","0:00","0.0","0:00","No","04:48.16","2","0.0"
Running,2019-12-28 13:36:12,false,"Fairfax County Running","1.56","168","00:12:22","187","203","3.4","177","188","7:54","7:02","47","70","1.12","9.3","10.3","199","50.0% L / 50.0% R","0.0","0.0","0.0","--","--","--","12:22","0:00","0.0","0:00","No","04:22.34","2","0.0"
Treadmill Running,2019-12-21 11:55:41,false,"Treadmill Intervals","2.04","190","00:18:09","150","156","2.4","167","175","8:53","7:25","--","--","1.08","0.0","0.0","--","--","0.0","0.0","0.0","--","--","--","18:09","0:00","0.0","0:00","No","00:47.88","3","0.0"
Running,2019-12-16 15:36:12,false,"Blacksburg Running","1.79","155","00:13:42","157","188","2.5","175","189","7:39","6:20","116","111","1.20","0.0","0.0","--","--","0.0","0.0","0.0","--","--","--","13:42","0:00","0.0","0:00","No","06:02.73","2","0.0"
Running,2019-12-15 15:01:56,false,"Blacksburg Running","1.81","147","00:12:52","159","189","2.5","179","195","7:06","5:31","74","108","1.27","0.0","0.0","--","--","0.0","0.0","0.0","--","--","--","12:52","0:00","0.0","0:00","No","05:22.36","2","0.0"
Running,2019-12-12 13:09:11,false,"Blacksburg Running","1.45","135","00:10:59","168","187","2.5","176","189","7:36","6:17","39","76","1.20","0.0","0.0","--","--","0.0","0.0","0.0","--","--","--","10:59","0:00","0.0","0:00","No","03:15.91","2","0.0"
Running,2019-11-26 13:54:56,false,"Fairfax County Running","1.59","123","00:11:45","149","191","2.2","179","192","7:24","6:38","49","72","1.21","0.0","0.0","--","--","0.0","0.0","0.0","--","--","--","11:45","0:00","0.0","0:00","No","04:14.26","2","0.0"
Treadmill Running,2019-11-24 18:13:12,false,"Treadmill Running","1.12","126","00:09:37.0","175","199","2.7","166","170","8:37","7:21","--","--","1.13","0.0","0.0","--","--","0.0","0.0","0.0","--","--","--","9:37.0","0:00","0.0","0:00","No","01:08.87","2","0.0"
Running,2019-11-08 13:47:05,false,"Blacksburg Running","1.31","61","00:09:30.6","116","127","1.1","179","193","7:15","5:56","62","97","1.24","0.0","0.0","--","--","0.0","0.0","0.0","--","--","--","9:30.6","0:00","0.0","0:00","No","02:07.11","2","0.0"
Running,2019-11-06 13:09:12,false,"Blacksburg Running","1.32","109","00:09:34.9","154","193","2.1","178","191","7:15","6:22","61","95","1.25","0.0","0.0","--","--","0.0","0.0","0.0","--","--","--","9:34.9","0:00","0.0","0:00","No","02:13.50","2","0.0"
Running,2019-11-06 02:29:35,false,"Blacksburg Running","10.48","458","10:20:38","83","122","1.0","118","138","59:13","10:39","45","51","0.08","0.0","0.0","--","--","0.0","0.0","0.0","--","--","--","10:20:38","0:00","0.0","0:00","No","11:57.60","11","0.0"
Running,2019-11-02 14:21:23,false,"Blacksburg Running","1.33","89","00:09:43.7","137","166","1.6","178","193","7:18","6:09","38","79","1.24","0.0","0.0","--","--","0.0","0.0","0.0","--","--","--","9:43.7","0:00","0.0","0:00","No","02:14.54","2","0.0"
Running,2019-11-01 15:37:34,false,"Blacksburg Running","1.51","126","00:10:49","159","209","2.4","176","191","7:11","5:50","70","103","1.27","0.0","0.0","--","--","0.0","0.0","0.0","--","--","--","10:49","0:00","0.0","0:00","No","03:32.81","2","0.0"
Running,2019-10-25 14:25:41,false,"Blacksburg Running","1.50","110","00:10:27","149","174","2.1","179","193","6:58","5:56","54","90","1.29","0.0","0.0","--","--","0.0","0.0","0.0","--","--","--","10:27","0:00","0.0","0:00","No","03:18.03","2","0.0"
Running,2019-10-19 11:59:12,false,"Blacksburg Running","1.79","155","00:12:47","165","191","2.6","179","197","7:09","6:07","102","88","1.26","0.0","0.0","--","--","0.0","0.0","0.0","--","--","--","12:47","0:00","0.0","0:00","No","05:37.14","2","0.0"
Running,2019-10-18 13:30:27,false,"Blacksburg Running","1.35","88","00:09:18.9","140","183","1.8","182","195","6:55","6:13","52","90","1.28","0.0","0.0","--","--","0.0","0.0","0.0","--","--","--","9:18.9","0:00","0.0","0:00","No","02:20.82","2","0.0"
Running,2019-10-13 09:55:35,false,"Huntley Running","1.65","153","00:12:46","166","191","2.7","180","189","7:43","6:49","20","23","1.16","0.0","0.0","--","--","0.0","0.0","0.0","--","--","--","12:46","0:00","0.0","0:00","No","04:57.82","2","0.0"
Running,2019-10-08 12:06:44,false,"Blacksburg Running","1.34","140","00:11:25","167","185","2.5","180","197","8:31","6:54","75","38","1.05","0.0","0.0","--","--","0.0","0.0","0.0","--","--","--","11:25","0:00","0.0","0:00","No","02:35.34","2","0.0"
Running,2019-10-08 10:35:25,false,"Blacksburg Running","1.38","112","00:10:03","155","187","2.2","182","193","7:16","6:02","46","87","1.22","0.0","0.0","--","--","0.0","0.0","0.0","--","--","--","10:03","0:00","0.0","0:00","No","02:42.21","2","0.0"
Running,2019-10-07 12:35:37,false,"Blacksburg Running","1.37","113","00:09:50.1","159","192","2.2","181","244","7:11","6:13","43","81","1.24","0.0","0.0","--","--","0.0","0.0","0.0","--","--","--","9:50.1","0:00","0.0","0:00","No","02:30.82","2","0.0"
Running,2019-10-05 13:43:09,false,"Blacksburg Running","3.01","202","00:22:42","137","163","2.0","182","193","7:32","6:32","179","169","1.17","0.0","0.0","--","--","0.0","0.0","0.0","--","--","--","22:42","0:00","0.0","0:00","No","00:07.08","4","0.0"
Running,2019-10-04 10:12:10,false,"Blacksburg Running","1.37","102","00:09:54.1","147","189","2.0","183","197","7:15","6:15","57","89","1.21","0.0","0.0","--","--","0.0","0.0","0.0","--","--","--","9:54.1","0:00","0.0","0:00","No","02:30.11","2","0.0"
Running,2019-10-02 14:13:37,false,"Blacksburg Running","2.75","242","00:19:41","168","194","3.1","181","193","7:10","6:07","126","141","1.24","0.0","0.0","--","--","0.0","0.0","0.0","--","--","--","19:41","0:00","0.0","0:00","No","05:20.18","3","0.0"
Running,2019-09-28 11:56:20,false,"Blacksburg Running","1.31","111","00:09:14.5","164","199","2.3","182","200","7:04","5:39","50","89","1.25","0.0","0.0","--","--","0.0","0.0","0.0","--","--","--","9:14.5","0:00","0.0","0:00","No","02:04.05","2","0.0"
Running,2019-09-27 12:14:10,false,"Blacksburg Running","1.31","100","00:09:19.4","152","193","2.1","180","193","7:07","5:56","54","85","1.26","0.0","0.0","--","--","0.0","0.0","0.0","--","--","--","9:19.4","0:00","0.0","0:00","No","02:04.99","2","0.0"
Running,2019-09-25 11:35:42,false,"Blacksburg Running","1.34","107","00:09:35.9","156","185","2.2","178","189","7:10","5:45","45","85","1.26","0.0","0.0","--","--","0.0","0.0","0.0","--","--","--","9:35.9","0:00","0.0","0:00","No","02:19.43","2","0.0"
Running,2019-09-22 12:31:18,false,"Blacksburg Running","1.96","200","00:14:36","181","205","3.3","179","187","7:27","6:36","90","118","1.21","0.0","0.0","--","--","0.0","0.0","0.0","--","--","--","14:36","0:00","0.0","0:00","No","06:59.01","2","0.0"
Running,2019-09-21 12:43:55,false,"Blacksburg Running","1.11","97","00:08:22.6","159","187","2.1","181","192","7:31","6:47","82","34","1.18","0.0","0.0","--","--","0.0","0.0","0.0","--","--","--","8:22.6","0:00","0.0","0:00","No","00:50.15","2","0.0"
Running,2019-09-21 11:40:24,false,"Blacksburg Running","1.38","97","00:09:57.9","141","158","1.8","181","192","7:14","6:14","65","99","1.23","0.0","0.0","--","--","0.0","0.0","0.0","--","--","--","9:57.9","0:00","0.0","0:00","No","02:35.90","2","0.0"
Running,2019-09-20 13:29:09,false,"Blacksburg Running","1.35","111","00:09:45.4","157","183","2.2","182","191","7:12","6:25","50","90","1.23","0.0","0.0","--","--","0.0","0.0","0.0","--","--","--","9:45.4","0:00","0.0","0:00","No","02:28.01","2","0.0"
Running,2019-09-19 15:14:59,false,"Blacksburg Running","1.35","87","00:09:29.5","138","156","1.7","181","189","7:03","6:03","55","89","1.26","0.0","0.0","--","--","0.0","0.0","0.0","--","--","--","9:29.5","0:00","0.0","0:00","No","02:19.54","2","0.0"
Running,2019-09-14 12:14:43,false,"Blacksburg Running","1.01","96","00:07:45.7","170","193","2.3","181","191","7:40","6:24","88","36","1.16","0.0","0.0","--","--","0.0","0.0","0.0","--","--","--","7:45.7","0:00","0.0","0:00","No","00:07.37","2","0.0"
Running,2019-09-14 11:54:18,false,"Blacksburg Running","1.36","117","00:09:54.4","163","195","2.3","181","235","7:16","6:04","63","93","1.22","0.0","0.0","--","--","0.0","0.0","0.0","--","--","--","9:54.4","0:00","0.0","0:00","No","02:32.79","2","0.0"
Running,2019-09-10 12:30:33,false,"Blacksburg Running","1.32","108","00:09:50.1","154","175","2.1","181","192","7:27","5:59","62","96","1.19","0.0","0.0","--","--","0.0","0.0","0.0","--","--","--","9:50.1","0:00","0.0","0:00","No","02:15.67","2","0.0"
Running,2019-09-09 12:16:25,false,"Blacksburg Running","1.29","107","00:09:33.5","158","186","2.2","181","193","7:24","6:08","43","77","1.21","0.0","0.0","--","--","0.0","0.0","0.0","--","--","--","9:33.5","0:00","0.0","0:00","No","02:05.46","2","0.0"
Running,2019-09-07 14:16:10,false,"Blacksburg Running","2.51","231","00:19:24","168","210","3.2","180","195","7:44","6:09","157","144","1.16","0.0","0.0","--","--","0.0","0.0","0.0","--","--","--","19:24","0:00","0.0","0:00","No","03:42.13","3","0.0"
Running,2019-09-06 14:11:11,false,"Blacksburg Running","2.34","196","00:16:29","166","198","3.0","181","193","7:02","5:47","129","114","1.26","0.0","0.0","--","--","0.0","0.0","0.0","--","--","--","16:29","0:00","0.0","0:00","No","02:32.27","3","0.0"
Running,2019-09-02 13:27:51,false,"Blacksburg Running","2.41","200","00:18:22","155","203","2.7","177","191","7:36","6:39","99","81","1.19","0.0","0.0","--","--","0.0","0.0","0.0","--","--","--","18:22","0:00","0.0","0:00","No","03:14.02","3","0.0"
Running,2019-08-29 15:17:28,false,"Blacksburg Running","1.00","66","00:05:41.7","154","189","1.8","169","237","5:41","3:38","17","8","1.67","0.0","0.0","--","--","0.0","0.0","0.0","--","--","--","5:41.7","0:00","0.0","0:00","No","00:00.00","1","0.0"
Running,2019-08-28 16:17:13,false,"Blacksburg Running","2.76","318","00:24:53","172","202","3.7","176","187","9:01","7:36","31","43","1.02","0.0","0.0","--","--","0.0","0.0","0.0","--","--","--","24:53","0:00","0.0","0:00","No","06:34.86","3","0.0"
Running,2019-08-27 16:05:04,false,"Blacksburg Running","2.46","209","00:17:36","162","201","2.8","182","193","7:10","5:53","124","123","1.23","0.0","0.0","--","--","0.0","0.0","0.0","--","--","--","17:36","0:00","0.0","0:00","No","03:21.46","3","0.0"
Running,2019-08-24 11:40:52,false,"Blacksburg Running","2.01","146","00:14:40","143","168","2.0","182","200","7:18","5:57","58","79","1.21","0.0","0.0","--","--","0.0","0.0","0.0","--","--","--","14:40","0:00","0.0","0:00","No","00:04.76","3","0.0"
Running,2019-08-23 11:19:56,false,"Blacksburg Running","1.59","128","00:11:03","158","188","2.3","179","191","6:57","5:49","124","111","1.30","0.0","0.0","--","--","0.0","0.0","0.0","--","--","--","11:03","0:00","0.0","0:00","No","04:02.98","2","0.0"
Running,2019-08-12 14:43:31,false,"Blacksburg Running","1.32","72","00:09:08.0","127","166","1.5","181","190","6:56","6:02","56","95","1.29","0.0","0.0","--","--","0.0","0.0","0.0","--","--","--","9:08.0","0:00","0.0","0:00","No","02:06.43","2","0.0"
Running,2019-08-07 17:18:31,false,"Blacksburg Running","1.06","81","00:07:33.5","149","170","1.9","183","191","7:06","6:41","--","66","1.24","0.0","0.0","--","--","0.0","0.0","0.0","--","--","--","7:33.5","0:00","0.0","0:00","No","00:27.12","2","0.0"
Running,2019-08-05 14:01:35,false,"Blacksburg Running","1.31","96","00:09:24.1","146","192","2.0","180","197","7:10","5:59","54","83","1.24","0.0","0.0","--","--","0.0","0.0","0.0","--","--","--","9:24.1","0:00","0.0","0:00","No","02:07.82","2","0.0"
Running,2019-07-29 16:04:48,false,"Blacksburg Running","1.49","143","00:11:25","173","190","2.7","179","193","7:41","6:20","93","102","1.17","0.0","0.0","--","--","0.0","0.0","0.0","--","--","--","11:25","0:00","0.0","0:00","No","03:37.15","2","0.0"
Running,2019-07-29 14:17:47,false,"Blacksburg Running","1.39","117","00:09:56.3","162","184","2.3","179","193","7:09","6:15","52","86","1.26","0.0","0.0","--","--","0.0","0.0","0.0","--","--","--","9:56.3","0:00","0.0","0:00","No","02:41.82","2","0.0"
Running,2019-07-27 12:57:04,false,"Blacksburg Running","1.10","88","00:08:05.5","153","184","2.0","182","193","7:23","6:11","32","81","1.20","0.0","0.0","--","--","0.0","0.0","0.0","--","--","--","8:05.5","0:00","0.0","0:00","No","00:40.15","2","0.0"
Running,2019-07-26 18:22:30,false,"Blacksburg Running","3.04","258","00:21:52","166","196","3.2","182","193","7:11","6:22","179","161","1.23","0.0","0.0","--","--","0.0","0.0","0.0","--","--","--","21:52","0:00","0.0","0:00","No","00:17.04","4","0.0"
Running,2019-07-23 17:29:20,false,"Blacksburg Running","2.01","145","00:14:27","146","175","2.2","182","193","7:11","6:18","57","84","1.23","0.0","0.0","--","--","0.0","0.0","0.0","--","--","--","14:27","0:00","0.0","0:00","No","00:05.65","3","0.0"
Running,2019-07-22 14:50:54,false,"Blacksburg Running","1.09","103","00:08:36.1","169","185","2.3","178","189","7:55","7:06","88","40","1.14","0.0","0.0","--","--","0.0","0.0","0.0","--","--","--","8:36.1","0:00","0.0","0:00","No","00:36.87","2","0.0"
Running,2019-07-22 14:00:54,false,"Blacksburg Running","2.05","175","00:15:02","162","198","2.8","177","190","7:20","6:06","100","128","1.24","0.0","0.0","--","--","0.0","0.0","0.0","--","--","--","15:02","0:00","0.0","0:00","No","00:22.88","3","0.0"
Running,2019-07-17 18:23:11,false,"Blacksburg Running","3.21","274","00:23:11","171","203","3.3","183","228","7:14","6:21","165","153","1.22","0.0","0.0","--","--","0.0","0.0","0.0","--","--","--","23:11","0:00","0.0","0:00","No","01:26.46","4","0.0"
Running,2019-07-16 18:14:48,false,"Blacksburg Running","1.11","99","00:08:13.5","171","189","2.3","180","193","7:26","6:28","76","32","1.20","0.0","0.0","--","--","0.0","0.0","0.0","--","--","--","8:13.5","0:00","0.0","0:00","No","00:45.39","2","0.0"
Running,2019-07-16 17:27:24,false,"Blacksburg Running","1.34","102","00:08:59.4","163","182","2.2","183","197","6:42","5:51","60","100","1.31","0.0","0.0","--","--","0.0","0.0","0.0","--","--","--","8:59.4","0:00","0.0","0:00","No","02:18.11","2","0.0"
Running,2019-07-13 11:51:34,false,"Blacksburg Running","1.34","118","00:09:39.6","175","195","2.5","182","193","7:14","6:22","36","73","1.22","0.0","0.0","--","--","0.0","0.0","0.0","--","--","--","9:39.6","0:00","0.0","0:00","No","02:22.33","2","0.0"
Running,2019-07-10 17:45:46,false,"Blacksburg Running","1.31","105","00:09:03.4","164","191","2.3","184","193","6:56","6:12","63","102","1.26","0.0","0.0","--","--","0.0","0.0","0.0","--","--","--","9:03.4","0:00","0.0","0:00","No","02:06.70","2","0.0"
Running,2019-07-08 13:26:25,false,"Blacksburg Running","1.87","158","00:13:27","167","192","2.7","181","193","7:11","6:08","133","130","1.24","0.0","0.0","--","--","0.0","0.0","0.0","--","--","--","13:27","0:00","0.0","0:00","No","06:20.52","2","0.0"
Running,2019-07-07 14:55:20,false,"Blacksburg Running","0.08","5","00:00:34.0","154","169","1.0","172","193","7:20","6:14","--","--","1.28","0.0","0.0","--","--","0.0","0.0","0.0","--","--","--","0:34.0","0:00","0.0","0:00","No","00:00.00","1","0.0"
Running,2019-07-07 14:04:10,false,"Blacksburg Running","1.54","108","00:10:52","148","199","2.1","182","193","7:05","6:33","66","94","1.25","0.0","0.0","--","--","0.0","0.0","0.0","--","--","--","10:52","0:00","0.0","0:00","No","03:45.80","2","0.0"
Running,2019-07-04 11:50:26,false,"Blacksburg Running","1.95","157","00:14:35","156","196","2.5","179","191","7:29","6:19","131","165","1.20","0.0","0.0","--","--","0.0","0.0","0.0","--","--","--","14:35","0:00","0.0","0:00","No","07:08.48","2","0.0"
Running,2019-06-30 15:06:57,false,"Blacksburg Running","2.01","170","00:15:04","161","189","2.7","177","187","7:30","6:40","120","163","1.21","0.0","0.0","--","--","0.0","0.0","0.0","--","--","--","15:04","0:00","0.0","0:00","No","00:04.54","3","0.0"
Running,2019-06-29 10:42:44,false,"Blacksburg Running","0.00","11","00:03:16.4","92","102","1.0","118","118","--","20:49","--","--","0.01","0.0","0.0","--","--","0.0","0.0","0.0","--","--","--","3:16.4","0:00","0.0","0:00","No","00:00.00","1","0.0"
Running,2019-06-28 18:30:15,false,"Blacksburg Running","1.82","127","00:12:49","147","177","2.2","178","193","7:03","6:12","108","92","1.28","0.0","0.0","--","--","0.0","0.0","0.0","--","--","--","12:49","0:00","0.0","0:00","No","05:41.81","2","0.0"
Running,2019-06-23 16:44:30,false,"Blacksburg Running","1.77","141","00:12:11","164","202","2.6","181","193","6:52","5:57","113","97","1.29","0.0","0.0","--","--","0.0","0.0","0.0","--","--","--","12:11","0:00","0.0","0:00","No","05:12.33","2","0.0"
Running,2019-06-22 13:59:02,false,"Blacksburg Running","0.73","66","00:05:54.7","157","186","1.9","175","193","8:06","6:56","85","30","1.14","0.0","0.0","--","--","0.0","0.0","0.0","--","--","--","5:54.7","0:00","0.0","0:00","No","00:00.00","1","0.0"
Running,2019-06-22 12:44:06,false,"Blacksburg Running","1.24","90","00:08:53.8","148","172","2.0","181","197","7:10","6:32","52","78","1.24","0.0","0.0","--","--","0.0","0.0","0.0","--","--","--","8:53.8","0:00","0.0","0:00","No","01:42.34","2","0.0"
Running,2019-06-17 19:12:12,false,"Blacksburg Running","2.05","157","00:14:38","158","202","2.7","181","193","7:08","6:17","90","72","1.25","0.0","0.0","--","--","0.0","0.0","0.0","--","--","--","14:38","0:00","0.0","0:00","No","00:21.24","3","0.0"
Running,2019-06-15 11:16:59,false,"Blacksburg Running","1.90","151","00:14:01","159","192","2.6","181","240","7:22","6:31","103","138","1.21","0.0","0.0","--","--","0.0","0.0","0.0","--","--","--","14:01","0:00","0.0","0:00","No","06:37.63","2","0.0"
Running,2019-06-03 15:44:58,false,"Blacksburg Running","1.37","113","00:09:34.3","169","197","2.4","179","238","7:00","5:52","29","70","1.29","0.0","0.0","--","--","0.0","0.0","0.0","--","--","--","9:34.3","0:00","0.0","0:00","No","02:30.15","2","0.0"
Running,2019-05-31 18:22:35,false,"Blacksburg Running","1.85","143","00:13:01","160","199","2.6","180","192","7:04","6:02","69","55","1.27","0.0","0.0","--","--","0.0","0.0","0.0","--","--","--","13:01","0:00","0.0","0:00","No","05:55.06","2","0.0"
Running,2019-05-28 19:53:54,false,"Blacksburg Running","2.04","164","00:14:34","167","193","2.8","180","200","7:09","6:05","114","102","1.25","0.0","0.0","--","--","0.0","0.0","0.0","--","--","--","14:34","0:00","0.0","0:00","No","00:13.27","3","0.0"
Running,2019-05-26 18:26:55,false,"Blacksburg Running","1.79","117","00:12:39","144","195","2.2","177","193","7:04","6:17","99","72","1.29","0.0","0.0","--","--","0.0","0.0","0.0","--","--","--","12:39","0:00","0.0","0:00","No","05:40.14","2","0.0"
Running,2019-05-23 13:39:40,false,"Fairfax County Running","1.53","129","00:11:25","165","191","2.5","179","189","7:28","6:48","75","85","1.21","0.0","0.0","--","--","0.0","0.0","0.0","--","--","--","11:25","0:00","0.0","0:00","No","03:47.29","2","0.0"
Running,2019-05-21 12:50:34,false,"Fairfax County Running","1.57","114","00:11:29","149","199","2.2","181","191","7:19","6:21","47","68","1.22","0.0","0.0","--","--","0.0","0.0","0.0","--","--","--","11:29","0:00","0.0","0:00","No","04:02.01","2","0.0"
Running,2019-05-13 10:37:21,false,"Blacksburg Running","0.43","35","00:03:14.5","160","174","1.5","177","187","7:32","6:45","--","60","1.20","0.0","0.0","--","--","0.0","0.0","0.0","--","--","--","3:14.5","0:00","0.0","0:00","No","00:00.00","1","0.0"
Running,2019-05-13 09:14:46,false,"Blacksburg Running","1.67","129","00:12:07","159","189","2.4","182","191","7:15","5:42","81","71","1.22","0.0","0.0","--","--","0.0","0.0","0.0","--","--","--","12:07","0:00","0.0","0:00","No","04:50.28","2","0.0"
Running,2019-05-11 15:56:05,false,"Blacksburg Running","2.14","153","00:15:11","154","192","2.5","181","193","7:05","6:00","139","128","1.25","0.0","0.0","--","--","0.0","0.0","0.0","--","--","--","15:11","0:00","0.0","0:00","No","01:01.53","3","0.0"
Running,2019-05-10 11:32:12,false,"Blacksburg Running","1.51","133","00:11:01","176","200","2.7","182","191","7:18","6:39","93","100","1.21","0.0","0.0","--","--","0.0","0.0","0.0","--","--","--","11:01","0:00","0.0","0:00","No","03:38.44","2","0.0"
Running,2019-05-10 10:13:35,false,"Blacksburg Running","1.51","120","00:10:48","164","197","2.4","183","195","7:11","6:00","74","83","1.22","0.0","0.0","--","--","0.0","0.0","0.0","--","--","--","10:48","0:00","0.0","0:00","No","03:36.03","2","0.0"
Running,2019-05-07 19:51:57,false,"Blacksburg Running","2.39","141","00:16:56","138","173","2.0","182","197","7:06","6:09","106","94","1.25","0.0","0.0","--","--","0.0","0.0","0.0","--","--","--","16:56","0:00","0.0","0:00","No","02:34.59","3","0.0"
Running,2019-05-06 19:10:50,false,"Blacksburg Running","2.13","134","00:15:15","142","178","2.1","183","197","7:10","6:17","186","142","1.23","0.0","0.0","--","--","0.0","0.0","0.0","--","--","--","15:15","0:00","0.0","0:00","No","00:50.67","3","0.0"
Running,2019-05-02 10:53:37,false,"Blacksburg Running","1.67","151","00:13:00","176","190","3.0","182","193","7:47","6:46","83","140","1.14","0.0","0.0","--","--","0.0","0.0","0.0","--","--","--","13:00","0:00","0.0","0:00","No","05:15.01","2","0.0"
Running,2019-05-02 09:41:03,false,"Blacksburg Running","1.68","154","00:12:48","177","205","3.0","181","189","7:36","6:27","119","78","1.17","0.0","0.0","--","--","0.0","0.0","0.0","--","--","--","12:48","0:00","0.0","0:00","No","05:01.68","2","0.0"
Running,2019-04-30 16:31:25,false,"Blacksburg Running","1.86","138","00:14:07","149","169","2.3","180","191","7:36","6:24","84","66","1.18","0.0","0.0","--","--","0.0","0.0","0.0","--","--","--","14:07","0:00","0.0","0:00","No","06:18.38","2","0.0"
Running,2019-04-29 14:27:44,false,"Blacksburg Running","2.29","177","00:16:47","161","181","2.9","182","196","7:19","5:55","126","141","1.21","0.0","0.0","--","--","0.0","0.0","0.0","--","--","--","16:47","0:00","0.0","0:00","No","02:05.72","3","0.0"
Running,2019-04-25 11:00:13,false,"Blacksburg Running","1.53","132","00:12:08","162","194","2.6","179","197","7:56","7:00","87","98","1.15","0.0","0.0","--","--","0.0","0.0","0.0","--","--","--","12:08","0:00","0.0","0:00","No","04:16.58","2","0.0"
Running,2019-04-25 09:41:05,false,"Blacksburg Running","1.71","119","00:13:04","144","167","2.2","182","191","7:40","6:30","104","91","1.15","0.0","0.0","--","--","0.0","0.0","0.0","--","--","--","13:04","0:00","0.0","0:00","No","05:20.14","2","0.0"
Running,2019-04-23 17:18:21,false,"Blacksburg Running","2.52","228","00:19:01","178","199","3.5","181","196","7:33","6:13","122","157","1.18","0.0","0.0","--","--","0.0","0.0","0.0","--","--","--","19:01","0:00","0.0","0:00","No","03:57.40","3","0.0"
Running,2019-04-22 11:50:48,false,"Blacksburg Running","1.68","139","00:12:27","166","187","2.7","182","194","7:24","6:54","84","97","1.19","0.0","0.0","--","--","0.0","0.0","0.0","--","--","--","12:27","0:00","0.0","0:00","No","04:55.49","2","0.0"
Running,2019-04-22 10:49:54,false,"Blacksburg Running","1.70","118","00:12:33","148","181","2.2","181","195","7:22","6:05","165","110","1.20","0.0","0.0","--","--","0.0","0.0","0.0","--","--","--","12:33","0:00","0.0","0:00","No","05:08.95","2","0.0"
Running,2019-04-18 13:45:45,false,"Blacksburg Running","1.69","151","00:12:44","178","196","3.0","180","197","7:33","6:58","83","130","1.19","0.0","0.0","--","--","0.0","0.0","0.0","--","--","--","12:44","0:00","0.0","0:00","No","05:16.70","2","0.0"
Running,2019-04-18 12:49:34,false,"Blacksburg Running","1.67","126","00:12:56","152","192","2.4","181","238","7:44","6:10","92","77","1.15","0.0","0.0","--","--","0.0","0.0","0.0","--","--","--","12:56","0:00","0.0","0:00","No","05:16.23","2","0.0"
Running,2019-04-17 10:10:19,false,"Blacksburg Running","1.71","131","00:13:11","155","198","2.5","182","238","7:42","6:30","136","102","1.15","0.0","0.0","--","--","0.0","0.0","0.0","--","--","--","13:11","0:00","0.0","0:00","No","05:23.21","2","0.0"
Running,2019-04-16 12:46:43,false,"Blacksburg Running","1.70","106","00:12:45","139","162","2.0","180","192","7:31","6:14","102","88","1.19","0.0","0.0","--","--","0.0","0.0","0.0","--","--","--","12:45","0:00","0.0","0:00","No","05:15.11","2","0.0"
Running,2019-04-11 11:19:02,false,"Blacksburg Running","1.74","117","00:13:40","143","161","2.1","179","193","7:51","6:51","79","119","1.14","0.0","0.0","--","--","0.0","0.0","0.0","--","--","--","13:40","0:00","0.0","0:00","No","05:44.90","2","0.0"
Running,2019-04-11 09:51:56,false,"Blacksburg Running","2.00","135","00:15:48","145","181","2.3","180","191","7:53","6:37","94","95","1.13","0.0","0.0","--","--","0.0","0.0","0.0","--","--","--","15:48","0:00","0.0","0:00","No","00:05.78","3","0.0"
Running,2019-04-10 11:02:52,false,"Blacksburg Running","1.75","141","00:13:46","162","179","2.7","183","191","7:51","6:44","69","130","1.12","0.0","0.0","--","--","0.0","0.0","0.0","--","--","--","13:46","0:00","0.0","0:00","No","06:08.29","2","0.0"
Running,2019-04-10 09:46:28,false,"Blacksburg Running","1.79","124","00:14:41","143","178","2.3","182","195","8:13","6:02","166","115","1.08","0.0","0.0","--","--","0.0","0.0","0.0","--","--","--","14:41","0:00","0.0","0:00","No","06:46.39","2","0.0"
Running,2019-04-08 10:47:48,false,"Blacksburg Running","1.62","154","00:13:47","180","195","3.2","171","191","8:30","6:42","79","80","1.11","0.0","0.0","--","--","0.0","0.0","0.0","--","--","--","13:47","0:00","0.0","0:00","No","04:47.77","2","0.0"
Running,2019-04-08 09:45:15,false,"Blacksburg Running","1.87","158","00:15:18","165","200","3.0","175","193","8:12","6:26","120","66","1.12","0.0","0.0","--","--","0.0","0.0","0.0","--","--","--","15:18","0:00","0.0","0:00","No","07:33.82","2","0.0"
Running,2019-04-06 11:19:04,false,"Blacksburg Running","2.37","203","00:18:12","176","203","3.4","180","191","7:41","6:47","153","146","1.17","0.0","0.0","--","--","0.0","0.0","0.0","--","--","--","18:12","0:00","0.0","0:00","No","02:58.59","3","0.0"
Running,2019-04-04 10:19:52,false,"Blacksburg Running","1.87","137","00:15:29","148","168","2.4","174","189","8:18","6:27","139","74","1.11","0.0","0.0","--","--","0.0","0.0","0.0","--","--","--","15:29","0:00","0.0","0:00","No","07:40.93","2","0.0"
Running,2019-04-03 10:10:17,false,"Blacksburg Running","1.94","168","00:16:06","170","196","3.2","173","189","8:18","6:37","121","60","1.12","0.0","0.0","--","--","0.0","0.0","0.0","--","--","--","16:06","0:00","0.0","0:00","No","07:46.75","2","0.0"
Treadmill Running,2019-04-02 10:38:39,false,"Treadmill Running","0.84","62","00:29:13","81","111","1.0","124","237","34:42","4:41","--","--","0.37","0.0","0.0","--","--","0.0","0.0","0.0","--","--","--","29:13","0:00","0.0","0:00","No","00:00.00","1","0.0"
Pool Swimming,2019-04-01 08:59:22,false,"Lap Swimming","1,575","255","00:37:20","--","--","--","--","--","2:14","0:56","--","--","0.00","0.0","0.0","--","--","0.0","0.0","0.0","870","47","25","37:20","0:00","0.0","0:00","No","00:00.00","1","0.0"
Running,2019-03-28 12:18:52,false,"Blacksburg Running","1.27","85","00:09:04.5","158","186","2.3","184","193","7:08","6:31","17","67","1.23","0.0","0.0","--","--","0.0","0.0","0.0","--","--","--","9:04.5","0:00","0.0","0:00","No","01:56.78","2","0.0"
Running,2019-03-27 14:34:40,false,"Blacksburg Running","1.59","117","00:11:43","172","191","2.8","180","197","7:23","6:31","89","125","1.21","0.0","0.0","--","--","0.0","0.0","0.0","--","--","--","11:43","0:00","0.0","0:00","No","04:32.40","2","0.0"
Running,2019-03-27 13:45:30,false,"Blacksburg Running","1.51","91","00:12:06","141","194","2.1","179","192","8:01","6:34","78","70","1.12","0.0","0.0","--","--","0.0","0.0","0.0","--","--","--","12:06","0:00","0.0","0:00","No","03:47.24","2","0.0"
Running,2019-03-24 13:05:03,false,"Blacksburg Running","0.70","56","00:06:03.9","160","197","2.1","173","183","8:40","7:22","60","35","1.07","0.0","0.0","--","--","0.0","0.0","0.0","--","--","--","6:03.9","0:00","0.0","0:00","No","00:00.00","1","0.0"
Running,2019-03-22 13:07:11,false,"Blacksburg Running","2.24","181","00:20:55","152","174","2.7","176","219","9:20","4:38","39","74","0.98","0.0","0.0","--","--","0.0","0.0","0.0","--","--","--","20:55","0:00","0.0","0:00","No","02:26.79","3","0.0"
Running,2019-03-21 13:34:43,false,"Blacksburg Running","2.25","209","00:20:32","172","195","3.4","178","211","9:08","4:55","--","36","0.99","0.0","0.0","--","--","0.0","0.0","0.0","--","--","--","20:32","0:00","0.0","0:00","No","02:31.23","3","0.0"
Running,2019-03-20 12:14:53,false,"Blacksburg Running","1.51","124","00:11:53","174","202","3.0","180","191","7:52","6:47","96","96","1.14","0.0","0.0","--","--","0.0","0.0","0.0","--","--","--","11:53","0:00","0.0","0:00","No","03:49.48","2","0.0"
Pool Swimming,2019-03-12 16:40:04,false,"Lap Swimming","75","13","00:02:22.3","--","--","--","--","--","3:10","3:06","--","--","0.00","0.0","0.0","--","--","0.0","0.0","0.0","37","60","16","2:22.3","0:00","0.0","0:00","No","00:00.00","1","0.0"
Running,2019-03-02 14:41:42,false,"Blacksburg - Running","2.72","169","00:27:02","130","166","2.4","172","197","9:55","6:42","141","141","0.99","0.0","0.0","--","--","0.0","0.0","0.0","--","--","--","27:02","0:00","0.0","0:00","No","00:00.98","5","0.0"
Running,2019-02-28 15:06:45,false,"Blacksburg - Running","2.55","158","00:19:37","146","190","2.6","177","193","7:41","6:13","138","87","1.18","0.0","0.0","--","--","0.0","0.0","0.0","--","--","--","19:37","0:00","0.0","0:00","No","04:10.25","3","0.0"
Running,2019-02-26 15:21:58,false,"Blacksburg Running","2.27","139","00:16:32","150","171","2.5","178","238","7:16","6:07","128","91","1.24","0.0","0.0","--","--","0.0","0.0","0.0","--","--","--","16:32","0:00","0.0","0:00","No","07:11.91","3","0.0"
Running,2019-02-24 11:15:20,false,"Blacksburg Running","2.00","165","00:15:39","180","203","3.4","179","192","7:49","6:47","138","84","1.15","0.0","0.0","--","--","0.0","0.0","0.0","--","--","--","15:39","0:00","0.0","0:00","No","07:42.43","2","0.0"
Running,2019-02-21 14:34:11,false,"Blacksburg Running","2.50","192","00:21:47","156","193","3.0","174","187","8:43","7:13","162","117","1.06","0.0","0.0","--","--","0.0","0.0","0.0","--","--","--","21:47","0:00","0.0","0:00","No","08:44.82","3","0.0"
Running,2019-02-19 13:15:52,false,"Blacksburg Running","2.39","175","00:19:35","160","198","3.1","179","202","8:12","6:28","137","145","1.10","0.0","0.0","--","--","0.0","0.0","0.0","--","--","--","19:35","0:00","0.0","0:00","No","08:05.06","3","0.0"
Running,2019-02-18 10:23:08,false,"Blacksburg Running","1.77","109","00:13:34","150","189","2.4","184","195","7:39","6:45","81","64","1.14","0.0","0.0","--","--","0.0","0.0","0.0","--","--","--","13:34","0:00","0.0","0:00","No","07:19.24","2","0.0"
Running,2019-02-08 13:16:11,false,"Blacksburg Running","2.33","150","00:18:10","155","179","2.8","180","195","7:47","6:08","166","140","1.15","0.0","0.0","--","--","0.0","0.0","0.0","--","--","--","18:10","0:00","0.0","0:00","No","07:35.59","3","0.0"
Running,2019-02-07 13:40:29,false,"Blacksburg Running","3.01","245","00:24:23","183","204","4.3","179","189","8:07","6:46","137","117","1.11","0.0","0.0","--","--","0.0","0.0","0.0","--","--","--","24:23","0:00","0.0","0:00","No","07:50.73","4","0.0"
Running,2019-02-03 13:13:36,false,"Blacksburg Running","2.06","180","00:20:35","163","193","3.2","161","193","10:00","6:13","72","32","0.99","0.0","0.0","--","--","0.0","0.0","0.0","--","--","--","20:35","0:00","0.0","0:00","No","07:29.04","3","0.0"
Running,2019-01-24 12:25:16,false,"Blacksburg Running","2.71","197","00:23:11","162","185","3.2","175","235","8:33","5:45","166","160","1.07","0.0","0.0","--","--","0.0","0.0","0.0","--","--","--","23:11","0:00","0.0","0:00","No","07:27.86","3","0.0"
Treadmill Running,2019-01-22 09:22:01,false,"Treadmill Running","0.90","96","00:10:54","168","198","2.8","166","179","12:10","7:12","--","--","0.80","0.0","0.0","--","--","0.0","0.0","0.0","--","--","--","10:54","0:00","0.0","0:00","No","00:00.00","1","0.0"
Running,2018-11-21 12:27:52,false,"Fairfax County Running","3.03","249","00:29:52","168","195","3.5","165","189","9:51","7:08","93","150","0.98","0.0","0.0","--","--","0.0","0.0","0.0","--","--","--","29:52","0:00","0.0","0:00","No","00:00.00","4","0.0"
Running,2018-11-19 15:53:56,false,"Fairfax County Running","3.37","251","00:32:09","162","200","3.7","169","203","9:32","5:46","93","135","1.00","0.0","0.0","--","--","0.0","0.0","0.0","--","--","--","32:09","0:00","0.0","0:00","No","00:00.00","4","0.0"
Running,2018-11-15 10:58:28,false,"Blacksburg Running","2.83","222","01:40:10","--","--","--","137","247","35:20","2:52","9","6","0.33","0.0","0.0","--","--","0.0","0.0","0.0","--","--","--","1:40:10","0:00","0.0","0:00","No","00:00.00","3","0.0"
Running,2018-11-14 09:17:54,false,"Blacksburg Running","1.26","92","00:57:57","--","--","--","136","241","45:51","4:29","--","--","0.26","0.0","0.0","--","--","0.0","0.0","0.0","--","--","--","57:57","0:00","0.0","0:00","No","00:00.00","2","0.0"
Running,2018-11-13 18:27:05,false,"Blacksburg Running","3.35","260","01:44:32","--","--","--","148","247","31:09","4:31","--","--","0.35","0.0","0.0","--","--","0.0","0.0","0.0","--","--","--","1:44:32","0:00","0.0","0:00","No","00:00.00","4","0.0"
Running,2018-11-09 10:09:24,false,"Austin Running","0.69","67","00:09:51.5","141","161","1.8","150","187","14:12","7:06","17","15","0.76","0.0","0.0","--","--","0.0","0.0","0.0","--","--","--","9:51.5","0:00","0.0","0:00","No","00:00.00","1","0.0"
Running,2018-11-08 13:29:16,false,"Austin Running","2.38","403","01:16:13","135","193","2.7","140","238","32:05","3:43","33","41","0.36","0.0","0.0","--","--","0.0","0.0","0.0","--","--","--","1:16:13","0:00","0.0","0:00","No","00:00.00","3","0.0"
Running,2018-11-07 09:11:56,false,"Blacksburg Running","3.68","581","01:50:38","137","188","3.0","143","247","30:02","4:23","18","14","0.38","0.0","0.0","--","--","0.0","0.0","0.0","--","--","--","1:50:38","0:00","0.0","0:00","No","00:00.00","4","0.0"
Running,2018-11-06 17:45:05,false,"Blacksburg Running","2.46","420","01:55:47","110","165","1.7","136","247","46:58","4:18","7","10","0.25","0.0","0.0","--","--","0.0","0.0","0.0","--","--","--","1:55:47","0:00","0.0","0:00","No","00:00.00","3","0.0"
Running,2018-11-05 09:14:56,false,"Blacksburg Running","3.22","497","01:39:05","129","184","2.9","137","247","30:46","4:36","8","11","0.38","0.0","0.0","--","--","0.0","0.0","0.0","--","--","--","1:39:05","0:00","0.0","0:00","No","00:00.00","4","0.0"
Running,2018-11-04 07:55:52,false,"Blacksburg Running","4.85","706","01:50:00","146","196","3.4","141","249","22:40","4:03","29","30","0.50","0.0","0.0","--","--","0.0","0.0","0.0","--","--","--","1:50:00","0:00","0.0","0:00","No","00:00.00","5","0.0"
Running,2018-10-31 09:23:27,false,"Blacksburg Running","4.39","831","01:47:14","164","198","4.5","151","241","24:27","4:09","12","18","0.44","0.0","0.0","--","--","0.0","0.0","0.0","--","--","--","1:47:14","0:00","0.0","0:00","No","00:00.00","5","0.0"
Running,2018-10-24 09:17:38,false,"Blacksburg Running","2.06","365","01:02:19","138","180","2.4","135","237","30:14","4:01","10","12","0.39","0.0","0.0","--","--","0.0","0.0","0.0","--","--","--","1:02:19","0:00","0.0","0:00","No","00:00.00","3","0.0"
Running,2018-10-23 18:23:48,false,"Blacksburg Running","2.56","499","01:38:40","133","187","2.8","136","244","38:36","4:10","9","9","0.31","0.0","0.0","--","--","0.0","0.0","0.0","--","--","--","1:38:40","0:00","0.0","0:00","No","00:00.00","3","0.0"
Running,2018-10-20 13:33:48,false,"Blacksburg Running","2.27","296","01:08:56","118","152","1.5","134","247","30:21","4:21","7","9","0.40","0.0","0.0","--","--","0.0","0.0","0.0","--","--","--","1:08:56","0:00","0.0","0:00","No","00:00.00","3","0.0"
Running,2018-10-19 09:33:19,false,"Blacksburg Running","3.42","490","01:05:21","154","195","3.7","151","247","19:07","3:44","1","8","0.56","0.0","0.0","--","--","0.0","0.0","0.0","--","--","--","1:05:21","0:00","0.0","0:00","No","00:00.00","4","0.0"
Running,2018-10-18 18:27:46,false,"Blacksburg Running","1.02","267","00:53:50","130","174","2.5","132","242","52:36","4:29","--","--","0.23","0.0","0.0","--","--","0.0","0.0","0.0","--","--","--","53:50","0:00","0.0","0:00","No","00:00.00","2","0.0"
Running,2018-10-17 09:18:13,false,"Blacksburg Running","1.82","377","01:26:46","119","167","1.9","132","240","47:44","4:45","6","6","0.25","0.0","0.0","--","--","0.0","0.0","0.0","--","--","--","1:26:46","0:00","0.0","0:00","No","00:00.00","2","0.0"
Running,2018-10-16 16:51:03,false,"Blacksburg Running","4.37","713","02:08:07","136","186","3.0","141","247","29:19","3:52","7","8","0.39","0.0","0.0","--","--","0.0","0.0","0.0","--","--","--","2:08:07","0:00","0.0","0:00","No","00:00.00","8","0.0"
Running,2018-10-15 09:10:59,false,"Blacksburg Running","0.50","117","00:14:41","146","165","2.2","152","233","29:38","10:29","--","4","0.36","0.0","0.0","--","--","0.0","0.0","0.0","--","--","--","14:41","0:00","0.0","0:00","No","00:00.00","1","0.0"
Running,2018-10-14 16:55:08,false,"Blacksburg Running","3.33","199","00:25:20","149","194","3.0","182","200","7:37","6:06","182","181","1.17","0.0","0.0","--","--","0.0","0.0","0.0","--","--","--","25:20","0:00","0.0","0:00","No","00:00.00","4","0.0"
Running,2018-10-13 18:24:42,false,"Blacksburg Running","1.23","308","00:59:34","134","189","3.2","138","237","48:15","4:24","1","--","0.24","0.0","0.0","--","--","0.0","0.0","0.0","--","--","--","59:34","0:00","0.0","0:00","No","00:00.00","2","0.0"
Running,2018-10-12 09:14:09,false,"Blacksburg Running","1.85","348","01:22:01","121","174","2.3","132","247","44:20","4:46","8","8","0.28","0.0","0.0","--","--","0.0","0.0","0.0","--","--","--","1:22:01","0:00","0.0","0:00","No","00:00.00","2","0.0"
Running,2018-10-05 10:09:55,false,"Blacksburg Running","0.57","40","00:26:27","--","--","--","140","241","46:44","9:09","--","--","0.25","0.0","0.0","--","--","0.0","0.0","0.0","--","--","--","26:27","0:00","0.0","0:00","No","00:00.00","1","0.0"
Indoor Cycling,2018-10-04 15:57:41,false,"Indoor Cycling","0.00","--","00:06:36.6","--","--","--","--","--","--","--","--","--","0.00","0.0","0.0","--","--","0.0","0.0","0.0","--","--","--","6:36.6","0:00","0.0","0:00","No","00:00.00","1","0.0"
Running,2018-10-03 10:03:42,false,"Blacksburg Running","0.81","46","00:12:56","89","109","1.1","170","211","16:00","5:04","3","--","0.59","0.0","0.0","--","--","0.0","0.0","0.0","--","--","--","12:56","0:00","0.0","0:00","No","00:00.00","1","0.0"
Running,2018-09-09 16:52:23,false,"Blacksburg Running","2.55","504","01:35:40","134","186","2.7","139","244","37:31","4:55","7","3","0.31","0.0","0.0","--","--","0.0","0.0","0.0","--","--","--","1:35:40","0:00","0.0","0:00","No","00:00.00","3","0.0"
Running,2018-09-07 09:47:11,false,"Chester Running","0.72","75","00:10:20","143","162","2.0","159","177","14:23","8:52","--","--","0.70","0.0","0.0","--","--","0.0","0.0","0.0","--","--","--","10:20","0:00","0.0","0:00","No","00:00.00","1","0.0"
Running,2018-09-03 12:02:11,false,"Blacksburg Running","4.01","337","00:44:15","161","197","4.3","171","237","11:02","6:18","205","199","0.86","0.0","0.0","--","--","0.0","0.0","0.0","--","--","--","44:15","0:00","0.0","0:00","No","00:00.00","5","0.0"
Running,2018-08-30 10:58:52,false,"Tuscaloosa Running","0.92","76","00:10:27","139","158","1.9","172","179","11:24","8:47","--","3","0.82","0.0","0.0","--","--","0.0","0.0","0.0","--","--","--","10:27","0:00","0.0","0:00","No","00:00.00","1","0.0"
Running,2018-07-30 17:02:25,false,"Blacksburg Running","1.20","369","00:45:30","158","191","3.5","139","247","37:50","6:49","4","6","0.31","0.0","0.0","--","--","0.0","0.0","0.0","--","--","--","45:30","0:00","0.0","0:00","No","00:00.00","2","0.0"
Running,2018-07-30 08:05:41,false,"Blacksburg Running","1.41","172","00:35:54","121","174","1.9","140","247","25:30","4:46","--","--","0.45","0.0","0.0","--","--","0.0","0.0","0.0","--","--","--","35:54","0:00","0.0","0:00","No","00:00.00","2","0.0"
Running,2018-07-27 07:07:41,false,"Blacksburg Running","1.86","273","00:39:18","143","185","3.1","147","243","21:08","3:47","--","--","0.52","0.0","0.0","--","--","0.0","0.0","0.0","--","--","--","39:18","0:00","0.0","0:00","No","00:00.00","2","0.0"
Running,2018-07-26 16:51:40,false,"Blacksburg Running","2.36","448","00:56:19","155","187","3.7","145","239","23:53","4:38","2","2","0.47","0.0","0.0","--","--","0.0","0.0","0.0","--","--","--","56:19","0:00","0.0","0:00","No","00:00.00","3","0.0"
Running,2018-07-25 16:16:48,false,"Blacksburg Running","0.64","120","00:15:57","146","180","2.3","139","247","25:05","5:42","--","--","0.46","0.0","0.0","--","--","0.0","0.0","0.0","--","--","--","15:57","0:00","0.0","0:00","No","00:00.00","1","0.0"
Running,2018-07-25 07:06:02,false,"Blacksburg Running","1.21","212","00:28:29","147","187","2.9","132","237","23:33","4:04","1","2","0.52","0.0","0.0","--","--","0.0","0.0","0.0","--","--","--","28:29","0:00","0.0","0:00","No","00:00.00","2","0.0"
Running,2018-06-17 12:47:51,false,"Hills all over the place","2.30","197","00:18:02","--","--","--","--","--","7:50","--","--","--","0.00","0.0","0.0","--","--","0.0","0.0","0.0","--","--","--","18:02","0:00","0.0","0:00","No","00:00.00","1","0.0"
Swimming,2018-06-01 13:29:41,false,"Swimming","1,640","310","00:35:00","--","--","--","--","--","2:08","--","--","--","0.00","0.0","0.0","--","--","0.0","0.0","0.0","--","--","--","35:00","0:00","0.0","0:00","No","00:00.00","1","0.0"
Running,2018-06-01 13:28:40,false,"Running","1.70","147","00:12:18","--","--","--","--","--","7:14","--","--","--","0.00","0.0","0.0","--","--","0.0","0.0","0.0","--","--","--","12:18","0:00","0.0","0:00","No","00:00.00","1","0.0"
Swimming,2018-05-31 13:30:00,false,"Swimming","1,640","354","00:40:00","--","--","--","--","--","2:26","--","--","--","0.00","0.0","0.0","--","--","0.0","0.0","0.0","--","--","--","40:00","0:00","0.0","0:00","No","00:00.00","1","0.0"
Running,2018-05-31 13:27:00,false,"Running","1.70","148","00:12:20","--","--","--","--","--","7:15","--","--","--","0.00","0.0","0.0","--","--","0.0","0.0","0.0","--","--","--","12:20","0:00","0.0","0:00","No","00:00.00","1","0.0"
Running,2018-05-28 10:56:01,false,"Blacksburg Running","2.25","195","00:25:00","152","191","2.6","163","212","11:07","4:41","64","60","0.89","0.0","0.0","--","--","0.0","0.0","0.0","--","--","--","25:00","0:00","0.0","0:00","No","00:00.00","3","0.0"
Running,2018-05-26 18:35:57,false,"Blacksburg Running","2.08","210","00:21:04","175","202","3.4","167","189","10:08","6:33","53","59","0.94","0.0","0.0","--","--","0.0","0.0","0.0","--","--","--","21:04","0:00","0.0","0:00","No","00:00.00","3","0.0"
Running,2018-05-23 11:08:44,false,"Blacksburg Running","2.20","195","00:23:58","159","208","3.0","173","203","10:54","5:36","58","72","0.85","0.0","0.0","--","--","0.0","0.0","0.0","--","--","--","23:58","0:00","0.0","0:00","No","00:00.00","3","0.0"
Running,2018-05-22 11:06:11,false,"Blacksburg Running","2.26","192","00:23:17","160","191","2.9","173","204","10:19","5:35","30","40","0.90","0.0","0.0","--","--","0.0","0.0","0.0","--","--","--","23:17","0:00","0.0","0:00","No","00:00.00","3","0.0"
Running,2018-05-21 11:03:04,false,"Blacksburg Running","2.36","191","00:22:37","166","205","3.4","162","189","9:36","6:46","76","67","0.99","0.0","0.0","--","--","0.0","0.0","0.0","--","--","--","22:37","0:00","0.0","0:00","No","00:00.00","3","0.0"
Running,2018-05-19 12:48:39,false,"Blacksburg Running","2.28","222","00:23:54","170","201","3.7","170","233","10:29","5:27","44","48","0.90","0.0","0.0","--","--","0.0","0.0","0.0","--","--","--","23:54","0:00","0.0","0:00","No","00:00.00","3","0.0"
Running,2018-05-17 11:07:44,false,"Blacksburg Running","2.08","213","00:39:30","140","201","3.3","165","187","18:58","6:19","22","22","0.52","0.0","0.0","--","--","0.0","0.0","0.0","--","--","--","39:30","0:00","0.0","0:00","No","00:00.00","3","0.0"
Running,2018-05-16 13:15:34,false,"Blacksburg Running","2.15","164","00:18:32","167","203","3.3","171","191","8:36","7:08","53","59","1.07","0.0","0.0","--","--","0.0","0.0","0.0","--","--","--","18:32","0:00","0.0","0:00","No","00:00.00","3","0.0"
Running,2018-05-15 13:06:33,false,"Blacksburg Running","2.03","185","00:18:05","184","203","3.8","173","187","8:54","6:54","81","70","1.05","0.0","0.0","--","--","0.0","0.0","0.0","--","--","--","18:05","0:00","0.0","0:00","No","00:00.00","3","0.0"
Running,2018-05-13 12:49:10,false,"Blacksburg Running","2.13","191","00:29:00","149","195","2.9","159","212","13:37","4:46","24","23","0.73","0.0","0.0","--","--","0.0","0.0","0.0","--","--","--","29:00","0:00","0.0","0:00","No","00:00.00","3","0.0"
Running,2018-05-12 10:51:36,false,"Blacksburg Running","1.94","153","00:15:41","181","208","3.6","181","204","8:05","5:47","194","108","1.10","0.0","0.0","--","--","0.0","0.0","0.0","--","--","--","15:41","0:00","0.0","0:00","No","00:00.00","2","0.0"
Running,2018-05-10 08:38:07,false,"Blacksburg Running","1.40","292","01:05:58","125","187","2.0","120","228","47:08","6:59","2","1","0.28","0.0","0.0","--","--","0.0","0.0","0.0","--","--","--","1:05:58","0:00","0.0","0:00","No","00:00.00","2","0.0"
Running,2018-05-09 14:45:57,false,"Blacksburg Running","2.53","290","00:40:57","158","200","3.5","156","237","16:11","4:01","--","--","0.63","0.0","0.0","--","--","0.0","0.0","0.0","--","--","--","40:57","0:00","0.0","0:00","No","00:00.00","3","0.0"
Running,2018-05-09 14:34:05,false,"Blacksburg Running","0.28","41","00:09:54.1","113","152","1.2","133","217","35:12","8:19","--","--","0.34","0.0","0.0","--","--","0.0","0.0","0.0","--","--","--","9:54.1","0:00","0.0","0:00","No","00:00.00","1","0.0"
Running,2018-05-08 15:33:50,false,"Blacksburg Running","2.10","207","00:25:34","167","201","3.7","171","237","12:11","3:57","177","203","0.78","0.0","0.0","--","--","0.0","0.0","0.0","--","--","--","25:34","0:00","0.0","0:00","No","00:00.00","3","0.0"
Running,2018-05-07 12:10:08,false,"Blacksburg Running","1.24","190","00:26:08","158","203","3.2","146","207","21:09","4:56","1","--","0.52","0.0","0.0","--","--","0.0","0.0","0.0","--","--","--","26:08","0:00","0.0","0:00","No","00:00.00","2","0.0"
Running,2018-05-02 08:15:50,false,"Blacksburg Running","2.37","166","00:42:38","107","131","1.5","151","240","17:59","3:51","6","5","0.59","0.0","0.0","--","--","0.0","0.0","0.0","--","--","--","42:38","0:00","0.0","0:00","No","00:00.00","3","0.0"
Pool Swimming,2018-04-30 08:37:12,false,"Lap Swimming","2,100","342","00:56:55","--","--","--","--","--","2:18","1:00","--","--","0.00","0.0","0.0","--","--","0.0","0.0","0.0","1081","47","22","56:55","0:00","0.0","0:00","No","00:00.00","1","0.0"
Pool Swimming,2018-04-26 08:13:44,false,"Lap Swimming","1,975","325","00:54:52","--","--","--","--","--","2:16","0:53","--","--","0.00","0.0","0.0","--","--","0.0","0.0","0.0","946","46","21","54:52","0:00","0.0","0:00","No","00:00.00","1","0.0"
Running,2018-04-19 11:19:00,false,"Practice 4/18/2018","4.11","815","01:54:00","--","--","--","--","--","27:44","--","--","--","0.00","0.0","0.0","--","--","0.0","0.0","0.0","--","--","--","1:54:00","0:00","0.0","0:00","No","00:00.00","1","0.0"
Running,2018-04-19 08:07:16,false,"Blacksburg Running","0.49","107","01:02:03","82","175","1.8","132","217","--","9:01","--","60","0.10","0.0","0.0","--","--","0.0","0.0","0.0","--","--","--","1:02:03","0:00","0.0","0:00","No","00:00.00","1","0.0"
Running,2018-04-16 08:08:12,false,"Blacksburg Running","0.79","64","00:09:13.3","146","160","2.1","179","192","11:41","7:30","73","67","0.77","0.0","0.0","--","--","0.0","0.0","0.0","--","--","--","9:13.3","0:00","0.0","0:00","No","00:00.00","1","0.0"
Running,2018-04-13 08:00:35,false,"Blacksburg Running","0.34","40","00:07:10.1","135","157","1.5","157","228","20:47","9:22","4","--","0.49","0.0","0.0","--","--","0.0","0.0","0.0","--","--","--","7:10.1","0:00","0.0","0:00","No","00:00.00","1","0.0"
Running,2018-04-12 08:00:50,false,"Blacksburg Running","1.81","250","00:42:05","138","193","3.0","144","247","23:15","6:36","10","8","0.48","0.0","0.0","--","--","0.0","0.0","0.0","--","--","--","42:05","0:00","0.0","0:00","No","00:00.00","2","0.0"
Running,2018-04-10 08:22:44,false,"Blacksburg Running","2.57","495","01:19:13","151","196","3.2","136","247","30:50","4:22","5","6","0.39","0.0","0.0","--","--","0.0","0.0","0.0","--","--","--","1:19:13","0:00","0.0","0:00","No","00:00.00","3","0.0"
Running,2018-04-09 08:01:06,false,"Blacksburg Running","2.55","436","01:40:46","126","179","2.1","136","249","39:30","5:22","5","2","0.30","0.0","0.0","--","--","0.0","0.0","0.0","--","--","--","1:40:46","0:00","0.0","0:00","No","00:00.00","3","0.0"
Running,2018-04-06 07:59:07,false,"Blacksburg Running","3.29","322","01:28:15","112","155","1.5","143","247","26:51","3:53","8","5","0.42","0.0","0.0","--","--","0.0","0.0","0.0","--","--","--","1:28:15","0:00","0.0","0:00","No","00:00.00","4","0.0"
Running,2018-04-05 07:58:19,false,"Practice 4/5/2018","5.04","653","02:08:39","142","184","3.1","142","247","25:33","3:23","15","5","0.45","0.0","0.0","--","--","0.0","0.0","0.0","--","--","--","2:08:39","0:00","0.0","0:00","No","00:00.00","6","0.0"
Running,2018-04-03 08:10:40,false,"Blacksburg Running","0.59","70","00:15:00","126","152","1.5","130","228","25:30","8:39","--","--","0.49","0.0","0.0","--","--","0.0","0.0","0.0","--","--","--","15:00","0:00","0.0","0:00","No","00:00.00","1","0.0"
Running,2018-04-02 07:58:36,false,"Blacksburg Running","0.87","154","00:24:52","144","182","2.6","156","228","28:34","6:39","2","--","0.36","0.0","0.0","--","--","0.0","0.0","0.0","--","--","--","24:52","0:00","0.0","0:00","No","00:00.00","1","0.0"
Running,2018-03-31 14:44:27,false,"Blacksburg Running","2.12","148","00:18:44","172","189","3.3","177","189","8:51","7:08","62","59","1.02","0.0","0.0","--","--","0.0","0.0","0.0","--","--","--","18:44","0:00","0.0","0:00","No","00:00.00","3","0.0"
Running,2018-03-29 14:39:25,false,"Running","1.68","46","00:38:15","76","115","1.0","118","119","22:43","20:32","--","--","0.60","0.0","0.0","--","--","0.0","0.0","0.0","--","--","--","38:15","0:00","0.0","0:00","No","00:00.00","2","0.0"
Running,2018-03-29 08:01:13,false,"Blacksburg Running","0.87","102","00:19:16","135","155","1.9","154","237","22:16","6:12","23","32","0.47","0.0","0.0","--","--","0.0","0.0","0.0","--","--","--","19:16","0:00","0.0","0:00","No","00:00.00","1","0.0"
Running,2018-03-27 08:01:55,false,"Practice 3/27/2018","4.63","540","01:56:35","138","182","2.4","146","247","25:13","2:57","--","--","0.44","0.0","0.0","--","--","0.0","0.0","0.0","--","--","--","1:56:35","0:00","0.0","0:00","No","00:00.00","5","0.0"
Running,2018-03-26 06:27:56,false,"Practice 3/26/2018","3.72","626","01:43:14","153","204","3.6","147","247","27:43","3:56","5","8","0.39","0.0","0.0","--","--","0.0","0.0","0.0","--","--","--","1:43:14","0:00","0.0","0:00","No","00:00.00","4","0.0"
Running,2018-03-23 08:36:20,false,"Practice 3/23/2018","1.04","182","00:53:15","112","162","1.6","140","240","51:17","5:06","--","--","0.22","0.0","0.0","--","--","0.0","0.0","0.0","--","--","--","53:15","0:00","0.0","0:00","No","00:00.00","2","0.0"
Running,2018-03-22 06:28:29,false,"Practice 3/25/2018","3.21","509","01:47:15","130","187","2.7","132","242","33:24","5:04","13","13","0.36","0.0","0.0","--","--","0.0","0.0","0.0","--","--","--","1:47:15","0:00","0.0","0:00","No","00:00.00","4","0.0"
Running,2018-03-20 07:55:31,false,"Practice 3/20/2018","2.78","432","01:38:10","128","184","2.4","138","247","35:20","4:11","7","5","0.33","0.0","0.0","--","--","0.0","0.0","0.0","--","--","--","1:38:10","0:00","0.0","0:00","No","00:00.00","3","0.0"
Running,2018-03-18 19:53:58,false,"Roanoke + Radford","5.00","542","01:20:00","--","--","--","--","--","16:00","--","--","--","0.00","0.0","0.0","--","--","0.0","0.0","0.0","--","--","--","1:20:00","0:00","0.0","0:00","No","00:00.00","1","0.0"
Running,2018-03-16 08:03:16,false,"Practice 3/16/2018","3.90","480","01:34:28","135","184","2.3","144","247","24:15","4:11","3","6","0.46","0.0","0.0","--","--","0.0","0.0","0.0","--","--","--","1:34:28","0:00","0.0","0:00","No","00:00.00","4","0.0"
Running,2018-03-15 08:01:23,false,"Practice 3/15/2018","4.41","697","01:52:08","150","191","3.2","142","250","25:27","4:29","14","5","0.44","0.0","0.0","--","--","0.0","0.0","0.0","--","--","--","1:52:08","0:00","0.0","0:00","No","00:00.00","5","0.0"
Running,2018-03-14 20:03:17,false,"Practice 3/14/2018","2.33","486","01:22:26","143","190","3.1","150","247","35:23","4:31","12","13","0.30","0.0","0.0","--","--","0.0","0.0","0.0","--","--","--","1:22:26","0:00","0.0","0:00","No","00:00.00","5","0.0"
Running,2018-03-13 06:21:06,false,"Practice 3/13/2018","6.64","595","01:29:12","150","187","3.2","145","247","13:26","3:03","--","--","0.84","0.0","0.0","--","--","0.0","0.0","0.0","--","--","--","1:29:12","0:00","0.0","0:00","No","00:00.00","7","0.0"
Treadmill Running,2018-03-08 14:51:44,false,"Treadmill Running","2.17","191","00:20:47","173","200","3.5","165","175","9:34","6:48","--","--","1.02","0.0","0.0","--","--","0.0","0.0","0.0","--","--","--","20:47","0:00","0.0","0:00","No","00:00.00","3","0.0"
Running,2018-03-07 15:18:35,false,"Fairfax County Running","2.35","133","00:19:51","144","175","2.2","177","230","8:27","7:12","102","126","1.08","0.0","0.0","--","--","0.0","0.0","0.0","--","--","--","19:51","0:00","0.0","0:00","No","00:00.00","3","0.0"
Treadmill Running,2018-03-06 15:50:17,false,"Treadmill Running","1.92","163","00:18:27","174","201","3.6","165","175","9:36","6:13","--","--","1.01","0.0","0.0","--","--","0.0","0.0","0.0","--","--","--","18:27","0:00","0.0","0:00","No","00:00.00","2","0.0"
Running,2018-03-03 16:26:07,false,"Fairfax County Running","1.68","92","00:13:47","144","150","2.2","176","241","8:13","7:08","44","69","1.11","0.0","0.0","--","--","0.0","0.0","0.0","--","--","--","13:47","0:00","0.0","0:00","No","00:00.00","2","0.0"
Running,2018-03-02 08:16:20,false,"Blacksburg Running","2.68","441","01:18:09","142","186","3.2","140","247","29:09","5:22","5","6","0.40","0.0","0.0","--","--","0.0","0.0","0.0","--","--","--","1:18:09","0:00","0.0","0:00","No","00:00.00","6","0.0"
Running,2018-03-01 07:56:36,false,"Practice 3/1/2018","6.02","800","02:01:40","153","197","4.0","149","247","20:13","3:37","9","9","0.54","0.0","0.0","--","--","0.0","0.0","0.0","--","--","--","2:01:40","0:00","0.0","0:00","No","00:00.00","7","0.0"
Running,2018-02-27 08:17:36,false,"Practice 2/28/2018","4.80","652","01:37:39","151","204","4.2","149","237","20:22","3:21","2","4","0.81","0.0","0.0","--","--","0.0","0.0","0.0","--","--","--","1:37:39","0:00","0.0","0:00","No","00:00.00","9","0.0"
Running,2018-02-26 07:56:31,false,"Practice 2/27/2018","5.02","856","01:55:46","160","204","4.4","152","247","23:05","4:19","6","7","0.80","0.0","0.0","--","--","0.0","0.0","0.0","--","--","--","1:55:46","0:00","0.0","0:00","No","00:00.00","6","0.0"
Running,2018-02-23 08:13:05,false,"Practice 2/23/2018","5.94","705","01:48:28","150","201","3.5","157","247","18:16","4:10","9","5","0.89","0.0","0.0","--","--","0.0","0.0","0.0","--","--","--","1:48:28","0:00","0.0","0:00","No","00:00.00","6","0.0"
Running,2018-02-22 13:50:30,false,"Practice 2/22/2018","3.50","813","02:00:00","--","--","--","--","--","34:17","--","--","--","0.00","0.0","0.0","--","--","0.0","0.0","0.0","--","--","--","2:00:00","0:00","0.0","0:00","No","00:00.00","1","0.0"
Running,2018-02-21 11:43:05,false,"Practice 2/21/2018","4.50","813","02:00:00","--","--","--","--","--","26:40","--","--","--","0.00","0.0","0.0","--","--","0.0","0.0","0.0","--","--","--","2:00:00","0:00","0.0","0:00","No","00:00.00","1","0.0"
Running,2018-02-20 08:00:24,false,"Practice Warmup 2/20/2018","1.14","184","02:11:50","125","177","1.8","150","247","--","6:22","3","--","0.83","0.0","0.0","--","--","0.0","0.0","0.0","--","--","--","2:11:50","0:00","0.0","0:00","No","00:00.00","2","0.0"
Running,2018-02-16 13:32:11,false,"Last 8 Hour Fitness Day","4.80","389","00:40:00","--","--","--","--","--","8:20","--","--","--","0.00","0.0","0.0","--","--","0.0","0.0","0.0","--","--","--","40:00","0:00","0.0","0:00","No","00:00.00","1","0.0"
Running,2018-02-14 07:41:35,false,"Practice 2/14/2018","4.42","753","01:58:24","144","202","4.0","143","247","26:48","3:22","12","10","0.83","0.0","0.0","--","--","0.0","0.0","0.0","--","--","--","1:58:24","0:00","0.0","0:00","No","00:00.00","5","0.0"
Running,2018-02-12 12:42:59,false,"Chicken Hill Death Pt 2","3.20","305","00:45:00","--","--","--","--","--","14:04","--","--","--","0.00","0.0","0.0","--","--","0.0","0.0","0.0","--","--","--","45:00","0:00","0.0","0:00","No","00:00.00","1","0.0"
